﻿Subway Station,Entrance and Exit Location(s),Platform Type ,Transfers,Other Station Features
Van Cortlandt Park 242 St,Broadway and W 242 St,Two side platforms,No Transfers ,"Elevated station, local station (terminal)"
238 St,Broadway and W 238  St,Two side platforms,No Transfers ,"Elevated station, local station "
231 St,Broadway and W 231  St,Two side platforms,No Transfers ," Local station, ADA accessible"
Marble Hill- 225 St,Broadway and W 225  St,Two side platforms,No Transfers ," Elevated, local station"
215  St,W 215  St and 10th Ave,Two side platforms ,No Transfers ," Elevated, local station"
207  St,W 207  St and 10th Ave,Two side platforms ,No Transfers ," Elevated, local station"
Dyckman St,Hillside Ave and Nagle Ave,Two side platforms ,No Transfers ,"Elevated, local station, ADA accessible "
191 St,"W 191 St and St Nicholas Ave, W 191 St and Broadway ",Two side platforms ,No Transfers ,"Subway, local station "
181 St,W 181 St and St Nicholas Ave ,Two side platforms ,No Transfers ,"Subway, local station "
168 St,"W 168 St and St Nicholas Ave, W 169 St and Broadway ",Two side platforms ,"A,C all times except late nights","Subway, local station "
157 St,Broadway and W 157 St ,Two side platforms ,No Transfers ,"Subway, local station "
145 St,Broadway and W 145 St,Two side platforms ,No Transfers ,"Subway, local station "
137 St City College,Broadway and W 137 St ,Two side platforms ,No Transfers ,"Subway, local station "
125 St,Broadway and W 125 St ,Two side platforms ,No Transfers ,"Elevated, local station  "
116 St Columbia University ,Broadway and W 116 St ,Two side platforms ,M60 SBS Bus to Airport ,"Subway, local station "
Cathedral Pkwy (110 St) ,Broadway and W 110 St,Two side platforms ,No Transfers ,"Subway, local station "
103 St,Broadway and W 103 St ,Two side platforms ,No Transfers ,"Subway, local station "
96 St,"Braodway between W 96 St and W 95 St, Broadway and W 94 St",Two island platforms ,"2,3","Subway, local and express station, ADA accessible "
86 St,Broadway and W 86 St,Two side platforms ,No Transfers ,"Subway, local station "
79 St,Broadway and W 79 St,Two island platforms ,No Transfers ,"Subway, local station "
72 St,W 72 St between Broadway and Amsterdam Ave,Two island platforms ,"2,3","Subway, local station "
66 St Lincoln Center ,"W 66 St and Broadway, W 65 St and Columbus Ave",Two side platforms ,No Transfers ,"Subway, local station, ADA accessible "
59 St Columbus Circle ,"W 60 St between Broadway and Central Park West, W 59 St and Columbus Circle, W 58 St and 8th Ave",Two side platforms ,"A,B weekdays until 11 p.m, C all times except late nights, D","Subway, local station, ADA accessible "
50 St ,W 50 St and Broadway ,Two side platforms ,No Transfers ,"Subway, local station "
Times Sq-42 St,"W 42 St and 7th Ave, W 41 St between 7th Ave and Broadway, W 40 St and 7th Ave",Two island platforms ,"A, C all times except late nights,E,N,Q,R all times except late nights,W weekdays only,S all times except late nights,2,37","Subway, local and express station, ADA accessible (except for A,C,E,S lines) "
34 St Penn Station ,"W 34 St and 7th Ave, W 33 St and 7th Ave, W. 32 St. and 7th Ave.","Two side platforms, one island platform","2,3 all times except late nights","Subway, local and express station, ADA accessible "
28 St,W 28 St and 7th Ave,Two side platforms ,No Transfers ,"Subway, local station "
23 St,W 23 St and 7th Ave ,Two side platforms ,No Transfers ,"Subway, local station "
18 St,W 18 St and 7th Ave,Two side platforms ,No Transfers ,"Subway, local station "
14 St,"W 14 St and 7th Ave, W 13 St and 7th Ave, W 12 St and 7th Ave",Two island platforms ,"F,L,M all times except late nights, 2,3 all times except late nights","Subway, local and express station "
Christopher St Sheridan Sq ,Christopher St and 7th Ave,Two side platforms ,No Transfers ,"Subway, local station "
Houston St,"King St and Varick St, W Houston St and Varick St",Two side platforms ,No Transfers ,"Subway, local station "
Canal St,Canal St and Varick St,Two side platforms ,No Transfers ,"Subway, local station "
Franklin St,Franklin St and Varick St,Two side platforms ,No Transfers ,"Subway, local station "
Chambers St,"Chambers St and W Broadway, Chambers St and Hudson St",Two island platforms ,"2,3 all times except late nights","Subway, local and express station, ADA accessible "
WTC Cortlandt,"Greenwich St and Vesey St, Oculus at Greenwich St and Fulton St, Greenwich St and Cortlandt Way ",Two side platforms ,No Transfers ,"Subway, local station, ADA accessible "
Rector St ,"Rector St and Greenwich St, Greenwich St and Trinity Pl ",Two side platforms ,No Transfers ,"Subway, local station "
South Ferry ,"South St and Whitehall St, State St and Whitehall St, State St and Pearl St ",One island platform ,"R,W weekdays only","Subway, local station, ADA accesible (except for R,W lines)"
