Subway Station,Entrance and Exit Location(s),Platform Type ,Transfers,Other Station Features
Bedford Pk Blvd,Bedford Park Boulevard and Grand Concourse ,Two island platforms,D,"Subway, local and express station, ADA accessible (terminal) "
Kingsbridge Rd,Kingsbridge Road and Grand Concourse,Two island platforms,D,"Subway, local and express station, ADA accessible "
Fordham Rd,"East 188 St and Grand Concourse, Fordham Road and Grand Concourse",Two island platforms,D,"Subway, local and express station"
182- 183 Sts,"182 St and Grand Concourse, Grand Concourse and Anthony Avenue",Two side platforms ,D except rush hours in the peak direction ,"Subway, local station "
Tremont Av,Grand Concourse and Echo Place,Two island platforms,D   ,"Subway, local and express station"
174- 175 Sts,"Walton Ave and Morris Ave, 174 and 175 St, 175 St and Grand Concourse",Two side platforms ,D except rush hours in the peak direction ,"Subway, local station "
170 St,East 171 St and Grand Concourse ,Two side platforms ,D except rush hours in the peak direction ,"Subway, local station "
167 St ,"167 St and Grand Concourse, McClellan St and Grand Concourse ",Two side platforms ,D except rush hours in the peak direction ,"Subway, local station "
161 Yankee Stadium ,River Avenue and 161 St,Two side platforms ,"D except rush hours in the peak direction, 4","Subway, local station, ADA accessible "
155 St ,155 St and Harlem River Dr,Two side platforms ,D all times except rush hours,"Subway, local station "
145 St,"W 145 St and St Nicholas Ave, W 146 St and St Nicholas Ave, W 147 St and St Nicholas Ave",Four island platforms,"A, C except late nights, D","Subway, local and express station"
135 St ,"W 135 St and St Nicholas Ave, W 137 St and St Nicholas Ave",Two side platforms ,C except late nights,"Subway, local and express station, ADA accessible "
125 St ,"W 125 St and St Nicholas Ave, W 126 St and St Nicholas Ave, W 127 St and St Nicholas Ave",Two island platforms,"A, C except late nights, D, M60 SBS to LGA Airport","Subway, local station "
116 St ,W 116 St and Frederick Douglas Blvd,Two side platforms ,C except late nights,"Subway, local station "
Cathedral Parkway (110 St) ,"W 110 St and Frederick Douglas Circle, W 109 St and Central Park West",Two side platforms ,C except late nights,"Subway, local station "
103 St,W 103 St and Central Park West,Two side platforms ,C except late nights,"Subway, local station "
96 St,"W 96 St and Cetral Park West, W 97 St and Central Park West",Two side platforms ,C except late nights,"Subway, local station "
86 St ,"W 86 St and Central Park West, W 87 St and Central Park West, W 88 St and Central Park West",Two side platforms ,C except late nights,"Subway, local station "
81 St- Museum of Natural History ,"W 81 St and Central Park West, Central Park West north of W 77 St",Two side platforms ,C except late nights,"Subway, local station "
72 St ,"W 72 St and Central Park West, W 70 St and Central Park West",Two side platforms ,C except late nights,"Subway, local station "
59 St Columbus Circle,"W 58 St and 8th Ave, W 59 St and Columbus Circle, W 60 St between Broadway and Central Park West",Two island platforms,"A, C except late nights, D, 1","Subway, local and express station, ADA accessible "
7 Av ,"7th Ave and E 53 St, Broadway and E 53 St",Two island platforms,"D, E","Subway, local station "
47- 50 Sts Rockefeller Ctr ,"6th Ave and W 50 St, 6th Ave and W 49 St, 6th Ave and W 48 St, 6th Ave and W 47 St",Two island platforms,"D, F, M weekdays only","Subway, local and express station, ADA accessible "
42 St Bryant Park ,"6th Ave and W 42 St, 6th Ave and W 40 St, W 42 St between 5th Ave and 6th Ave",Two island platforms,"D, F, M weekdays only, 7","Subway, local and express station"
34 St Herald Sq ,"W 35 St between Broadway and 6th Ave, W 34 St between Broadway and 6th Ave, W 32 St between Broadway and 6th Ave",Two island platforms,"D, F, M weekdays only, N, Q, R except late nights, W weekdays only ","Subway, local and express station, ADA accessible "
W 4 St Wash Sq ,"W 3 St and 6th Ave, Waverly Pl and 6th Ave",Four island platforms,"D, F, M weekdays only, A, C except late nights, E","Subway, local and express station, ADA accessible "
B'way- Lafayette St ,"Broadway and Houston St, Houston St and Lafayette St, Bleeker St and Lafayette St",Two island platforms,"D, F, M weekdays only, 6 ","Subway, local and express station, ADA accessible "
Grand St ,Grand St and Chrystie St,Two side platforms ,D,"Subway, local and express station"
DeKalb Av ,"DeKalb Ave and Flatbush Ave Extension, Fleet St and Flatbush Ave Extension",Two island platforms,"Q, R except late nights","Subway, local and express station, ADA accessible "
Atlantic Av- Barclays Ctr ,"Hanson Place and Flatbush Ave, Pacific St and 4th Ave, Atlantic Ave and Flatbush Ave",One island platform ,"D, N, Q, Rexcept late nights, 2, 3 except late nights, 4, 5 weekdays","Subway, local and express station, ADA accessible "
7 Av,"Park Place and Flatbush Ave, Park Place and Carlton Ave",Two side platforms ,Q,"Subway, local and express station"
Prospect Park ,"Lincoln Road between Flatbush Ave and Ocean Ave, Flatbush Ave south of Ocean Ave",Two island platforms,"Q, Franklin Avenue Shuttle","Open cut, local and express station, ADA accessible "
Church Av,"Church Ave and E 18 St, St Paul's Place and Caton Ave",Two island platforms,Q,"Open cut, local and express station, ADA accessible "
Newkirk Plaza,Newkirk Plaza between Newkirk Ave and Foster Ave,Two island platforms,Q,"Open cut, local and express station "
Kings Hwy,"Kings Highway between E 16 St and E 15 St, E 16 St and Quentin Road",Two island platforms,Q,"Open cut, local and express station, ADA accessible "
Sheepshead Bay,"Sheepshead Bay Road and East 15 St, Voorhies Ave between E 14 St and Shore Pkwy",Two island platforms,Q,"Open cut, local and express station "
Brighton Beach ,"Brighton Beach Ave and Brighton 7 St, Brighton Beach Ave west of Brighton 6 St",Two island platforms,Q,"Elevated, local and express station "
