﻿Subway Station,Entrance and Exit Location(s),Platform Type ,Transfers,Other Station Features
168 St,"W 168 St and St Nichoclas Ave, W 169 St and Broadway ",Two island platforms ,"A, 1","Subway, local and express station, ADA accessible (A, C lines)"
163 St- Amsterdam Av,"W 162 St and St Nicholas Ave, W 169 St and Broadway ",Two side platforms ,No Transfers,"Subway, local station "
155 St ,W 155 St and St Nicholas Ave ,Two side platforms ,No Transfers,"Subway, local station "
145 St ,"W 145 St and St Nicholas Ave, W 146 St and St Nicholas Ave, W 147 St and St Nicholas Ave ",Two island platforms ,"A, B weekdays until 11 p.m, D","Subway, local and express station    "
135 St,"W 135 St and St Nicholas Ave, W 137 St and St Nicholas Ave ",Two side platforms ,B weekdays until 11 p.m.,"Subway, local station "
125 St,"W 125 St and St Nicholas Ave, W 126 St and St Nicholas Ave, W 127 St and St Nicholas Ave ",Two island platforms ,"A, B weekdays until 11 p.m.","Subway, local and express station, ADA accessible     "
116 St,W 116 St and Frederick Douglas Blvd ,Two side platforms ,B weekdays until 11 p.m.,"Subway, local station "
Cathedral Pkwy (110 St),"W 110 St and Frederick Douglas Circle, W 109 St and Central Park West ",Two side platforms ,B weekdays until 11 p.m.,"Subway, local station "
103 St,W 103 St and Central Park West ,Two side platforms ,B weekdays until 11 p.m.,"Subway, local station "
96 St,"W 96 St and Cetral Park West, W 97 St and Central Park West ",Two side platforms ,B weekdays until 11 p.m.,"Subway, local station "
86 St,"W 86 St and Central Park West, W 87 St and Central Park West, W 88 St and Central Park West ",Two side platforms ,B weekdays until 11 p.m.,"Subway, local station "
81 St- Museum of Natural History ,"W 81 St and Central Park West, Central Park West north of W 77 St ",Two side platforms ,B weekdays until 11 p.m.,"Subway, local station "
72 St,"W 72 St and Central Park West, W 70 St and Central Park West",Two side platforms ,B weekdays until 11 p.m.,"Subway, local station "
59 St Columbus Circle ,"W 58 St and 8th Ave, W 59 St and Columbus Circle, W 60 St between Broadway and Central Park West ",Two island platforms ,"A, B weekdays until 11 p.m., D, 1","Subway, local and express station, ADA accessible     "
50 St,"W 50 St and 8th Ave, W 49 St and 8th Ave, W 51 St and 8th Ave ",Four side platforms ,E,"Subway, local station, ADA accessible (southbound only) "
42 St/ Port Authority Bus Terminal ,"W 40 St and 8th Ave, W 42 St and 8th Ave, W 43 St and 8th Ave, W 44 St and 8th Ave ",Two island platforms ,"A, E","Subway, local and express station, ADA accessible (A, C, E lines) "
34 St Penn Station ,"W 33 St and 8th Ave, W 34 St and 8th Ave, W 35 St and 8th Ave ","One island platform, two side platforms ","A, E, LIRR","Subway, local and express station, ADA accessible     "
23 St,"W 23 St and 8th Ave, W 24 St and 8th Ave, W 25 St and 8th Ave ",Two side platforms ,E,"Subway, local station "
14 St ,"W 14 St and 8th Ave, W 15 St and 8th Ave, W 16 St and 8th Ave",Two island platforms ,"A, E","Subway, local and express station, ADA accessible     "
W 4 Wash Sq ,"W 3 St and 6th Ave, Waverly Pl and 6th Ave",Two island platforms ,"A, B weekdays until 11 p.m., D, E, F, M weekdays until 11 p.m.","Subway, local and express station    "
Spring St,"Spring St and 6th Ave, Vandam St and 6th Ave ",Two side platforms ,E,"Subway, local station "
Canal St ,"Canal St and 6th Ave, West Broadway and 6th Ave, Walker St and 6th Ave ",Two island platforms ,"A, E","Subway, local and express station    "
Chambers St ,"Church St and Chambers St, Church St and Warren St, Church St and Murray St, Church St and Park Pl ",One island platform   ,"A , E, 2, 3, all times except late nights, R all times except late nights, W weekdays only ","Subway, local and express station    "
Fulton St ,"Fulton St and Broadway, Fulton St and John St, Fulton St and Nassau St, Fulton St and William St ",One island platform   ,"A, J, Z rush hour only, 2m 3 all times except late nights, 4, 5","Subway, local and express station, ADA accessible     "
High St,"Cadman Plaza West and Middagh St, Red Cross Pl and Adams St",One island platform,A,"Subway, local and express station"
Jay St- MetroTech,"Willoughby St and Jay St, Fulton St and Jay St, Jay St south of Myrtle Ave",Two island platforms,"A, F, R all times except late nights","Subway, local and express station, ADA accessible"
Hoyt Schermerhorn,"Bond St and Schermerhorn St, Hoyt St and Schermerhorn St, Schermerhorn St between Bond St and Hoyt St",Two island platforms,"A, G","Subway, local and express station"
Lafayette Av,"Fulton St and S Portland Ave, Fulton St and S Oxford St, Fulton St and Hanson Place",Two side platforms,No Transfers,"Subway, local station"
Clinton Washington Avs,"Fulton St and Washington Ave, Fulton St and Clinton Ave",Two side platforms,No Transfers,"Subway, local station"
Franklin Av,Fulton St and Franklin Ave,Two side platforms,S,"Subway, local station, ADA accessible"
Nostrand Av,Nostrand Ave and Fulton St,Four side platforms,A,"Subway, local and express station"
Kingston Throop Avs,"Fulton St and Kingston Ave, Fulton St and Throop Ave",Two side platforms,No Transfers,"Subway, local station"
Utica Av,"Fulton St and Utica Ave, Fulton St and Stuyvesant Ave",Two island platforms,A,"Subway, local and express station, ADA accessible"
Ralph Av,"Fulton St and Ralph Ave, Ralph Ave and MacDougal St",Two side platforms,No Transfers,"Subway, local station"
Rockaway Av,"Fulton St and Rockaway Ave, Fulton St and Thomas S Boyland St",Two side platforms,No Transfers,"Subway, local station"
Broadway Junction,Van Sinderen Ave between Fulton St and Truxton St,Two island platforms,"A, J, L, Z rush hour only","Subway, local and express station"
Liberty Av,Liberty Ave and Pennsylvania Ave,Two side platforms,No Transfers,"Subway, local station"
Van Siclen Av,Pitkin Ave and Van Siclen Ave,Two side platforms,No Transfers,"Subway, local station"
Shepherd Av,Pitkin Ave and Shepherd Ave,Two side platforms,No Transfers,"Subway, local station"
Euclid Av,Pitkin Ave and Euclid Ave,Two island platforms,A,"Subway, local and express station, ADA accessible"
