Subway Station,Entrance and Exit Location(s),Platform Type ,Transfers,Other Station Features
Forest Hills 71 Av ,70th Rd and 71st Ave ,One island platform ,"E, F, R all times except late nights ","Subway, express station, ADA accessible "
67 Av,Queens Boulevard and 67th Ave,Two side platforms ,R all times except late nights ,"Subway, local station "
63 Dr- Rego Park ,"64th Ave and Queens Boulevard, 63rd Drive and Queens Boulevard",Two side platforms ,"R all times except late nights, Q72 to Laguardia ","Subway, local station "
Woodhaven Blvd ,"Queens Boulevard and 59th Ave, 60th Ave and 92nd St",Two side platforms ,R all times except late nights ,"Subway, local station "
Grand Av Newtown ,Queens Boulevard at 54th Ave,Two side platforms ,R all times except late nights ,"Subway, local station "
Elmhurst Av ,"82nd St and Broadway, 45th Ave and Broadway",Two side platforms ,R all times except late nights ,"Subway, local station "
Jackson Hts Roosevelt Av,"74 St and Roosevelt Ave, 73 St and Broadway, 75 St and Broadway ",Two island platforms ,"7, F, E, R all times except late nights ","Subway, local and express station, ADA accessible     "
65 St ,Broadway and 65th St ,Two side platforms ,R all times except late nights ,"Subway, local station "
Northern Blvd ,Northern Boulevard and Broadway,Two side platforms ,R all times except late nights ,"Subway, local station "
46 St ,"46th St and Broadway, Broadway and 48th St ",Two side platforms ,R all times except late nights ,"Subway, local station "
Steinway St ,34th Ave and Steinway St,Two side platforms ,R all times except late nights ,"Subway, local station "
36 St ,4th Ave and 36th St,Two side platforms ,R all times except late nights ,"Subway, local station "
Queens Plaza ,4th Ave 36th St ,One island platform   ,"M weekdays until 11 p.m., R all times except late nights ","Subway, express station, ADA accessible "
Court Sq- 23 St ,"44th Dr and 23rd St, 21st St and 44th Dr",Two side platforms ,"E, G, 7","Subway, express station, ADA accessible "
Lexington Av/ 53 St ,"Lexington Ave and E 53 St, Lexington Ave and E 52 St, 3rd Ave and E 53 St ",One island platform   ,"E weekdays until 11 p.m., 6","Subway, express station, ADA accessible "
5 Av/ 53 St ,"5th Ave and E 53 St, Madison Ave and E 53 St ",Two side platforms ,E weekdays until 11 p.m.,"Subway, express station    "
47-50 Sts Rockefeller Ctr ,"6th Ave and 50th St, 6th Ave and 49th St, 6th Ave and 48th St, 6th Ave and 47th St",Two island platforms ,"B weekdays until 11pm, D, E weekdays until 11pm","Subway, local and express station, ADA accessible"
42 St Bryant Pk ,"6th Ave and W 50 St, 6th Ave and W 49 St, 6th Ave and W 48 St, 6th Ave and W 47 St",Two island platforms ,"B weekdays until 11pm, D, E weekdays until 11pm, 7","Subway, local and express station"
34 St Herald Sq ,"W 35 St between Broadway and 6th Ave, W 34 St between Broadway and 6th Ave, W 32 St between Broadway and 6th Ave",Two island platforms ,"B weekdays until 11pm, D, E weekdays until 11pm, N, Q, R except late nights, W weekdays only","Subway, local and express station, ADA accessible"
23 St ,23rd St and 6th Ave,Two side platforms ,E weekdays until 11pm,"Subway, local station  "
14 St ,"W 14 St and 7th Ave, W 13 St and 7th Ave, W 12 St and 7th Ave",Two side platforms ,"L, E weekdays until 11pm, 1, 2, 3 except late nights","Subway, local station  "
W 4 St Wash Sq ,"W 3 St and 6th Ave, Waverly Pl and 6th Ave",Two island platforms ,"B weekdays until 11pm, D, E weekdays until 11pm, A, C except late nights, E","Subway, local and express station, ADA accessible"
B'way- Lafayette St ,"Broadway and Houston St, Houston St and Lafayette St, Bleeker St and Lafayette St, Bleeker St and Mulberry St",Two island platforms ,"B weekdays until 11pm, D, E weekdays until 11pm, 6","Subway, local and express station, ADA accessible"
Delancey St / Essex St ,"Delancey St and Essex St, Delancey St and Norfolk St",Two side platforms ,"J, E except late nights, Z rush hours only","Subway, local station  "
Marcy Av ,"Marcy Ave and Broadway, Havemeyer St and Broadway ",Two side platforms ,"J, Z rush hours in peak direction ","Elevated, local and express station, ADA accessible "
Hewes St ,"Hewes St and Broadway, Hooper St and Broadway ",Two side platforms ,J all times,"Elevated, local station "
Lorimer St,"Lorimer St and Broadway, Broadway beween Wallabout St and Broadway, Throop Ave and Lorimer St ",Two side platforms ,J all times,"Elevated, local station "
Flushing Av,Flushing Ave and Broadway ,Two side platforms ,J all times,"Elevated, local station, ADA accessible "
Myrtle Av,Myrtle Ave and Broadway ,Two island platforms ,"J, Z rush hours in peak direction ","Elevated, local and express station "
Central Av,Myrtle Ave and Cedar St ,Two side platforms ,No Transfers ,"Elevated, local station    "
Knickerbocker Av,Knickerbocker Ave and Green Ave ,Two side platforms ,No Transfers ,"Elevated, local station    "
Myrtle Wyckoff Avs,Wyckoff Ave and Palmetto St,One island platform ,L all times,"Elevated, local station, ADA accessible "
Seneca Av,Palmetto St and Seneca Ave ,One island platform ,No Transfers ,"Elevated, local station    "
Forest Av,Fairview Ave and Putnam Ave ,One island platform ,No Transfers ,"Elevated, local station    "
Fresh Pond Rd,62 St and 8th Ave,One island platform ,No Transfers ,"Elevated, local station    "
Middle Villiage Metropolitan Av ,Rentar Plaza and Metropolitan Ave,One island platform ,No Transfers ,"Elevated, local station, ADA accessible "
