﻿Subway Station,Entrance and Exit Location(s),Platform Type ,Transfers,Other Station Features
Wakefield 241 St ,E 241 St and White Plains Rd,One island platform ,5 limited weekday rush hour service,"Elevated, local station"
Nereid Av,White Plains Rd and Nereid Ave,Two side platforms,5 limited weekday rush hour service,"Elevated, local station"
233 St,E 233 St and White Plains Rd,Two side platforms,5 limited weekday rush hour service,"Elevated, local station, ADA accessible "
225 St,E 225 St and White Plains Rd,Two side platforms,5 limited weekday rush hour service,"Elevated, local station"
219 St,E 219 St and White Plains Rd,Two side platforms,5 limited weekday rush hour service,"Elevated, local station"
Gun Hill Rd,E Gun Hill Rd and White Plains Rd,Two side platforms,5 limited weekday rush hour service,"Elevated, local station, ADA accessible"
Burke Av,Burke Ave and White Plains Rd,Two side platforms,5 limited weekday rush hour service,"Elevated, local station "
Allerton Av,Allerton Ave and White Plains Rd,Two side platforms,5 limited weekday rush hour service,"Elevated, local station "
Pelham Plwy,"Pelham Parkway South and White Plains Rd, Pelham Parkway North and White Plains Rd",Two side platforms,5 limited weekday rush hour service,"Elevated, local station "
Bronx Park East,Sagamore St and Birchell Ave,Two side platforms,5 limited weekday rush hour service,"Elevated, local station "
E 180 St,"E 180 St and Boston Rd, E Tremont Ave and Boston Rd",Two side platforms,5 all times except rush hour and late nights,"Elevated, local station "
West Farms Sq E Tremont Av,"E 178 St and Boston Rd, E Tremont Ave and Boston Rd",Two side platforms,5 all times except rush hour and late nights,"Elevated, local station "
174 St,E 174 St and Boston Rd and Southern Blvd ,Two side platforms,5 all times except rush hour and late nights,"Elevated, local station "
Freeman St,Freeman St and Southern Blvd,Two side platforms,5 all times except rush hour and late nights,"Elevated, local station "
Simpson St,Simpson St and Westchester Ave,Two side platforms,5 all times except rush hour and late nights,"Elevated, local station, ADA accessible "
Intervale Av,Intervale Ave and Westchester Ave,Two side platforms,5 all times except rush hour and late nights,"Elevated, local station "
Prospect Av,"E 160 St and Westchester Ave, Prospect Ave and Longwood Ave",Two side platforms,5 all times except rush hour and late nights,"Elevated, local station "
Jackson Av,"Jackson Ave and Westchester Ave, E 152 St and Jackson Ave",Two side platforms,5 all times except rush hour and late nights,"Elevated, local station "
3 Av- 149 St,"E 149 St and Third Ave, E 149 St and Melrose Ave",Two side platforms,5 all times except rush hour and late nights,"Subway, local and express station, ADA accessible "
149 St- Grand Concourse,E 149 St and Grand Concourse,Two side platforms,5 all times except rush hour and late nights,"Subway, local and express station  "
135 St,W 135 St and Lenox Ave ,Two side platforms,3,"Subway, local station, ADA accessible "
125 St,W 125 St and Lenox Ave,Two side platforms,"3,SBS M60 to Airport","Subway, local station "
116 St,W 116 St and Lenox Ave,Two side platforms,3,"Subway, local station "
Central Park North (110 St),"W 111 St and Lenox Ave, St Nicholas Ave and Central Park North ",One island platform ,3,"Subway, local station "
96 St,"Broadway between W and 96 St., Broadway and W 94 St ",Two island platforms ,"1,3   ","Subway, local and express station, ADA accessible "
72 St,W 72 St between Broadway and Amsterdam Ave,Two island platforms ,"1,3   ","Subway, local and express station, ADA accessible "
Times Sq- 42 St,"W 42 St and 7th Ave and Broadway, W 40 St and 7th Ave",Two island platforms ,"A,C all times except late nights, E,N,Q,R all times except late nights, W weekdays, S all times except late nights,1,3,7","Subway, local and express station, ADA accessible (except A,C,ES lines)"
34 St- Penn Station ,"W 34 St and 7th Ave, W 33 St and 7th Ave,W 32 St and 7th Ave","One island platform, two side platforms ","1,3 all times except late nights","Subway, local and express station, ADA accessible "
14 St,"W 14 St and 7th Ave, W 13 St and 7th Ave, W 12 St and 7th Ave",Two island platforms ,"F,L,M all times except late nights, 1,3 all times except late nights","Subway, local and express station"
Chambers St,"Chambers St and W Broadway, Chambers St and Hudson St ",Two island platforms ,"1,3 all times except late nights ","Subway, local and express station, ADA accessible "
Park Place,"Park Place and Broadway, Park Place and Church St ",One island platform  ,"A,C all times except late nights,E,R,W weekdays only,3 all times except late nights","Subway, local station "
Fulton St,"Fulton St and William St, John St and William St",One island platform  ,"A,C all times except late nights,J,Z rush hour only, 3 all times except late nights, 4, 5 all times except late nights","Subway, local station, ADA accessible "
Wall St,"Wall St and William St, Pine St and William St, Cedar St and William St ",One island platform  ,3 all times except late nights,"Subway, local station "
Clark St,Clark St and Henry St ,One island platform  ,3 all times except late nights,"Subway, local station "
Borough Hall ,"Court St and Montague St, Montague St and Cadman Plaza West",Two side platforms,"3 all times except late nights, 4,5 weekdays only","Subway, local and express station, ADA accessible (except for R, Brooklyn bound 4,5)"
Hoyt St,"Fulton St and Hoyt St, Fulton St and Bridge St, Fulton St and Duffield St, Fulton St and Elm St",Two side platforms,3 all times except late nights,"Subway, local station "
Nevins St,Flatbush Ave between Nevins St and Livingston St ,Two island platforms ,"3 all times except late nights, 4, 5 weekdays only","Subway, local and express station "
Atlantic Av- Barclays Ctr,"Hanson Place and Flatbush Ave, Pacific St and 4th Ave, Atlantic Ave and Flatbush Ave ","Two side platforms, one island platform","B weekdays until 11pm, D,N,Q,R,W limited rush hour, 3 all times except late nights, 4,5 weekdays only","Subway, local and express station, ADA accessible "
Bergen St,Bergen St and Flatbush Ave,Two side platforms ,3 all times except late nights,"Subway, local station "
Grand Army Plaza ,"Plaza St West and Flatbush Ave, Plaza St East and Flatbush Ave",One island platform  ,3 all times except late nights,"Subway, local station "
Eastern Pkwy Brooklyn Museum ,"Eastern Parkway, west of Washington Ave",Two side platforms,3 all times except late nights,"Subway, local station, ADA accessible "
Franklin Av-Medgar Evers College,Franklin Ave and Eastern Parkway,Two island platforms ,"3,4,5 ","Subway, local and express station "
President St-Medgar Evers College,President St and Nostrand Ave,One island platform  ,5 weekdays only,"Subway, local station "
Sterling St,Sterling St and Nostrand Ave,Two side platforms,5 weekdays only,"Subway, local station "
Winthrop St,"Winthrop St and Nostrand Ave, Parkside Ave and Nostrand Ave",Two side platforms,5 weekdays only,"Subway, local station "
Church Av,Church Ave and Nostrand Ave,Two side platforms,5 weekdays only,"Subway, local station, ADA accessible "
Beverly Rd,Beverly Rd and Nostrand Ave,Two side platforms,5 weekdays only,"Subway, local station "
Newkirk Av,Newkirk Ave and Nostrand Ave,Two side platforms,5 weekdays only,"Subway, local station "
Flatbush Av Brooklyn College ,"Flatbush Ave and Nostrand Ave, Avenue H and Nostrand Ave",Two side platforms,5 weekdays only,"Subway, local station, ADA accessible "
