Subway Station,Entrance and Exit Location(s),Platform Type ,Transfers,Other Station Features
Jamaica Center Parsons/Archer ,"Parsons Blvd and Archer Ave, 153 St and Archer Ave, 158 St and Archer Ave ",Two island platforms ,"J, Z rush hour only ","Subway, express station, ADA accessible (terminal) "
Sutphin Blvd Archer Av JFK Airport ,Sutphin Blvd and Archer Ave ,Two island platforms ,"J, Z rush hour only, LIRR","Subway, express station, ADA accessible "
Jamaica Van Wyck ,"89 Ave and Van Wyck Expressway, Metropolitan Ave and Jamaica Ave ",One island platform   ,No Transfers ,"Subway, local station, ADA accessible "
Briarwood ,"Main St and Queens Blvd, Queens Blvd and Van Wyck Expressway ",Two side platforms ,F ,"Subway, local station "
Kew Gardens Union Tpke ,Union Turnpike and Queens Blvd ,Two island platforms ,F ,"Subway, express station, ADA accessible "
75 Av,"Queens Blvs and 75 Ave, Queens Blvd and 75 Road ",Two side platforms ,F ,"Subway, local station "
Forest Hills 71 Av ,"71 Ave and Queens Blvd, 70 Road and Queens Blvd ",Two island platforms ,"F, M weekdays until p.m., R all times except late nights ","Subway, local and express station, ADA accessible     "
Jackson Heights-Roosevelt Av ,"74 St and Roosevelt Ave, 73 St and Broadway, 75 St and Broadway ",Two island platforms ,"7, F, M weekdays until p.m., R all times except late nights ","Subway, local and express station, ADA accessible     "
Queens Plaza ,"Queens Blvd and Jackson Ave, West St and Jackson Ave, 41 Ave and Northern Blvd ",Two island platforms ,"M weekdays until p.m., R all times except late nights ","Subway, local and express station, ADA accessible     "
Court Sq-23 St ,"44 Drive and 23 St, 44 Drive and 21 St, Jackson Ave and 45 Ave ",Two side platforms ,"M weekdays until p.m.,G, 7","Subway, express station, ADA accessible   "
Lexington Ave/ 53 St ,"Lexington Ave and E 53 St, Lexington Ave and E 52 St, 3rd Ave and E 53 St ",One island platform   ,"M weekdays until 11 p.m., 6","Subway, express station, ADA accessible "
5 Av/ 53 St ,"5th Ave and E 53 St, Madison Ave and E 53 St ",Two side platforms ,M weekdays until 11 p.m.,"Subway, express station    "
7 Av ,"7th Ave and E 53 St, Broadway and E 53 St ",Two island platforms ,"B weekdays until 11 p.m., D","Subway, express station    "
50 St ,"W 50 St and 8th Ave, W 49 St and 8th Ave, W 51 St and 8th Ave ",Four side platforms ,C all times except late nights ,"Subway, local station, ADA accessible (southbound only) "
42 St/ Port Authority Bus Terminal,"W 40 St and 8th Ave, W 42 St and 8th Ave, W 43 St and 8th Ave, W 44 St and 8th Ave ",Two island platforms ,"A, C all times except late nights ","Subway, local and express station, ADA accessible (A, C, E lines) "
34 St Penn Station ,"W 33 St and 8th Ave, W 34 St and 8th Ave, W 35 St and 8th Ave ","One island platform, two side platforms ","A, C all times except late nights, LIRR","Subway, local and express station, ADA accessible     "
23 St ,"W 23 St and 8th Ave, W 24 St and 8th Ave, W 25 St and 8th Ave ",Two side platforms ,C all times except late nights ,"Subway, local station "
14 St ,"W 14 St and 8th Ave, W 15 St and 8th Ave, W 16 St and 8th Ave",Two island platforms ,"A, C all times except late nights ","Subway, local and express station, ADA accessible     "
W 4 St Wash Sq,"W 3 St and 6th Ave, Waverly Pl and 6th Ave",Two island platforms ,"A, B weekdays until 11 p.m., D, C all times except late nights, F, M weekdays until 11 p.m ","Subway, local and express station    "
Spring St ,"Spring St and 6th Ave, Vandam St and Sixth Ave ",Two side platforms ,C all times except late nights ,"Subway, local station "
Canal St ,"Canal St and 6th Ave, West Broadway and 6th Ave, Walker St and 6th Ave ",Two island platforms ,"A, C all times except late nights ","Subway, local and express station    "
World Trade Center ,"Park Pl and Church St, Vesey St and Church St, Church St between Vessey St and Fulton St ",One island platform   ,"A, C all times except late nights, 2, 3 all times except late nights, R","Subway, local station, ADA accessible    "
