Subway Station,Entrance and Exit Location(s),Platform Type ,Transfers,Other Station Features
Jamaica - 179 St,"Hillside Ave and 178 St, Hillside Ave and 179 St, Hillside Ave and Midland Pkwy",Two island platforms ,"E limited rush hour service, Q3 bus to JFK Airport","Subway, local station, ADA accessible (terminal)"
169 St,Hillside Ave and 169 St,Two side platforms ,Q3 bus to JFK Airport,"Subway, local station  "
Parsons Blvd,"Parsons Blvd and Hillside Ave, 153 St and Hillside Ave",Two island platforms ,No Transfers,"Subway, local station  "
Sutphin Blvd ,"Sutphin Blvd and Hillside Ave, 144 St and Hillside Ave",Two side platforms ,No Transfers,"Subway, local station  "
Briarwood,"Main St and Queens Blvd, Queens Blvd and Van Wyck Expressway",Two side platforms ,E   ,"Subway, local and express station, ADA accessible"
Kew Gardens Union Tpke,"Queens Blvd and 78th Ave, 80 Road and Queens Blvd, Queens Blvd and Union Turnpike",Two island platforms ,"E, Q10 bus to JFK Airport","Subway, local station  "
75 Av,"Queens Blvd and 75th Ave, Queens Blvd and 75 Road",Two side platforms ,E   ,"Subway, local and express station, ADA accessible"
Forest Hills- 71 Av,"Queens Blvd and 70 Road, 70 Road and 71st Ave, 71st Ave and Queens Blvd",Two island platforms ,"E, M weekdays except late nights, R except late nights","Subway, local and express station, ADA accessible"
Jackson Hts Roosevelt Av,"4 St and Roosevelt Ave, 73 St and Broadway, 75 St and Broadway",Two island platforms ,"E, M weekdays until 11pm, R except late nights, 7, LaGuardia Link Q70 SBS, Q47 LGA Airport","Subway, local and express station, ADA accessible"
21 St Queensbridge,21 St and 41st Ave,Two side platforms ,No Transfers,"Subway, local station, ADA accessible"
Roosevelt Island,"W Road, west of Main St",Two side platforms ,No Transfers,"Subway, local station, ADA accessible"
Lexington Av/63 Street,"Lexington Ave and E 63 St, 3rd Ave and E 63 St",Two island platforms ,Q  ,"Subway, local station, ADA accessible"
57 Street ,"6th Ave and W 57 St, 6th Ave and W 56 St",One island platform ,No Transfers,"Subway, local station  "
47-50 Sts Rockefeller Ctr,"6th Ave and W 50 St, 6th Ave and W 49 St, 6th Ave and W 48 St, 6th Ave and W 47 St",Two island platforms ,"B weekdays until 11pm, D, M weekdays until 11pm","Subway, local and express station, ADA accessible"
42 St Bryant Park ,"6th Ave and W 42 St, 6th Ave and W 40 St, W 42 St between 5th Ave and 6th Ave",Two island platforms ,"B weekdays until 11pm, D, M weekdays until 11pm, 7","Subway, local and express station"
34 St Herald Sq,"W 35 St between Broadway and 6th Ave, W 34 St between Broadway and 6th Ave, W 32 St between Broadway and 6th Ave",Two island platforms ,"B weekdays until 11pm, D, M weekdays until 11pm, N, Q, R except late nights, W weekdays only","Subway, local and express station, ADA accessible"
23 St,23rd St and 6th Ave,Two side platforms ,M weekdays until 11pm,"Subway, local station  "
14 St,"W 14 St and 7th Ave, W 13 St and 7th Ave, W 12 St and 7th Ave",Two side platforms ,"L, M weekdays until 11pm, 1, 2, 3 except late nights","Subway, local station  "
W 4  St Wash Sq,"W 3 St and 6th Ave, Waverly Pl and 6th Ave",Two island platforms ,"B weekdays until 11pm, D, M weekdays until 11pm, A, C except late nights, E","Subway, local and express station, ADA accessible"
B'way- Lafayette St,"Broadway and Houston St, Houston St and Lafayette St, Bleeker St and Lafayette St, Bleeker St and Mulberry St",Two island platforms ,"B weekdays until 11pm, D, M weekdays until 11pm, 6","Subway, local and express station, ADA accessible"
2 Av,"Houston St and 2nd Ave, Houston St and Chrystie St, Houston St and 1st Ave, Houston St and Allen St",One island platform ,No Transfers,"Subway, local station  "
Delancey St,"Delancey St and Essex St, Delancey St and Norfolk St",Two side platforms ,"J, M except late nights, Z rush hours only","Subway, local station  "
East Broadway ,"Canal St and Essex St, Rutgers St and Canal St, Madison St and Rutgers St",One island platform ,No Transfers,"Subway, local station  "
York St,"York St and Jay St, High St and Jay St",One island platform ,No Transfers,"Subway, local station  "
Jay St MetroTech ,"Willoughby St and Jay St, Fulton St and Jay St, Jay St south of Myrtle Ave",Two island platforms ,"A, C except late nights, R except late nights","Subway, local and express station, ADA accessible"
Bergen St,"Bergen St and Smith St, Warren St and Smith St, Wyckoff St and Smith St",Two side platforms ,G ,"Subway, local station  "
Carroll St,"President St and Smith St, Second St and Smith St",Two side platforms ,G ,"Subway, local station  "
Smith 9 Sts,Smith St and 9 St,Two side platforms ,G ,"Elevated, local station "
4 Av,"4th Ave and 10 St, 4th Ave and 9 St, 4th Ave between 9 St and 10 St",Two side platforms ,"G, R except late nights","Elevated, local station "
7 Av,"7th Ave and 9 St, 8th Ave and 9 St",Two island platforms ,G ,"Subway, local  and expres station  "
15 St Prospect Park ,"Bartel-Pritchard Sq, Prospect Park West and Prospect Park Southwest, Howard Pl and Windsor Pl",One island platform ,G ,"Subway, local station  "
Fort Hamilton Pkwy,"Greenwood Ave and Prospect Ave, Prospect Ave and Reeve Pl",Two side platforms ,G ,"Subway, local station  "
Church Av,"Albemarle Road and McDonald Ave, Church Ave and McDonald Ave",Two island platforms ,G ,"Subway, local  and expres station  "
Ditmas Av,"McDonald Ave and Ditmas Ave, McDonald Ave and Cortelyou Road",Two side platforms ,No Transfers,"Elevated, local station "
18 Av,"18th Ave and McDonald Ave, Lawrence Ave and Parkville Ave",Two island platforms ,No Transfers,"Elevated, local station "
Avenue I,Avenue I and McDonald Ave,Two side platforms ,No Transfers,"Elevated, local station "
Bay Pkwy,McDonald Ave and Bay Pkwy,Two side platforms ,No Transfers,"Elevated, local station "
Avenue N,Avenue N and McDonald Ave,Two side platforms ,No Transfers,"Elevated, local station "
Avenue P,Avenue P and McDonald Ave,Two side platforms ,No Transfers,"Elevated, local station "
Kings Hwy,"McDonald Ave and Kings Highway, McDonald Ave and Avenue S",Two island platforms ,No Transfers,"Elevated, express station "
Avenue U,Avenue U and McDonald Ave,Two side platforms ,No Transfers,"Elevated, local station "
Avenue X,86 St and Avenue X,Two side platforms ,No Transfers,"Elevated, local station "
Neptune Av,W 6 St and Neptune Ave,One island platform ,No Transfers,"Elevated, local station "
West 8 St NY Aquarium ,"W 8 St north of Surf Ave, W 5 St and W Brighton Ave",Four side platforms ,Q  ,"Elevated, local station "
Coney Island Stillwell Av,"Mermaid Ave east of Stillwell Ave, Stillwell Ave and Surf Ave",Four island platforms ,"D, N ,Q","Elevated, terminal station, ADA accessible"
