Subway Station,Entrance and Exit Location(s),Platform Type ,Transfers,Other Station Features
Jamaica Center Parsons/ Archer,"Parsons Blvd. and Archer Ave., 153 St. and Archer Ave., 158 St. and Archer Ave. ",Two island platforms ,"E,J rush hour","Subway, express station, ADA accessible (terminal) "
Sutphin Blvd Archer Av JFK Airport,Sutphin Blvd. and Archer Ave. ,Two island platforms ,"E,J, LIRR","Subway, express station, ADA accessible"
121 St,"121 St. and Jamaica Ave., 123 St. and Jamaica Ave. ",Two side platforms ,J all times except rush hours,"Elevated, local station "
104 St,104 St. and Jamaica Ave.. ,Two side platforms ,J all times except rush hours,"Elevated, local station "
Woodhaven Blvd,"Woodhaven Blvd. and Jamaica Ave., 95 St. and Jamaica Ave. ",Two side platforms ,J    ,"Elevated, local and express station "
75 St- Elderts Ln,75 St. and Jamaica Ave.,Two side platforms ,Z rush hour only ,"Elevated, local station "
Crescent St,Fulton St. between Crescent St. and Pine St. ,One island platform ,J    ,"Elevated, local and express station "
Norwood Av ,Norwood Ave. and Fulton St.,One island platform ,J all times except rush hours,"Elevated, local station "
Van Siclen Av,Fulton St. and Van Siclen Ave. ,One island platform ,J all times except rush hours,"Elevated, local station "
Alabama Av,"Alabama Ave. and Fulton St, Georgia Ave. and Fulton St.",One island platform ,J    ,"Elevated, local and express station "
Broadway Junction ,Van Sinderen Ave. between Fulton St. and Truxton St.,Two island platforms ,"A,C all times except late nights,L,J","Elevated, local and express station "
Chauncey St,"Chauncey St. and Broadway, Broadway between Moffat St. and Cooper St. ",Two side platforms ,J all times except rush hours,"Elevated, local station "
Gates Av ,"Palmetto St. and Broadway, Linden St. and Broadway ",Two side platforms ,J all times except rush hours,"Elevated, local station "
Myrtle Av ,Myrtle Ave. and Broadway ,Two island platforms ,"J,M  ","Elevated, local and express station "
Marcy Av ,"Marcy Ave. and Broadway, Havemeyer St. and Broadway ",Two side platforms ,"J,M all times except late nights","Elevated, local and express station, ADA accessible "
Essex St,"Delancey St. and Essex St., Delancey St. and Norfolk St.","One side platform, one island platform ","F,M all times except late nights,J","Subway, local station "
Bowery ,Delancey St. between Chrystie St. and Bowery ,One island platform ,J    ,"Subway, local station "
Canal St,"Centre St. between Walker St. and Canal St., Lafayette St. and Canal St., Broadway and Canal St.",One island platform ,"N,Q,R all times except late nights,W weekdays only,J,6","Subway, local station "
Chambers St,"South of Foley Square, Centre St. and Chambers St.",Two island platforms ,"J,4,5,6","Subway, local station, ADA accessible "
Fulton St ,"Fulton St. and Nassau St., John St. and Nassau St., Broadway and Fulton St., William St. and Fulton St.",Two side platforms ,"A,C all times except late nights,J,2,3 all times except late nights,4,5 all times except late nights ","Subway, local station, ADA accessible "
Broad St,"Broad St. north of Beaver St., Exchange Pl. and Broad St., Wall St. and Broad St. ",Two side platforms ,J    ,"Subway, local station "
