﻿Subway Station,Entrance and Exit Location(s),Platform Type ,Transfers,Other Station Features
Harlem 148 St,W 149 St and Adam C Powell Blvd,One island platform ,"Subway, local station ","Subway, local station "
145 St,W 145 St and Lenox Ave,Two side platforms,"Subway, local station ","Subway, local station "
135 St,W 135 St and Lenox Ave,Two side platforms,2,"Subway, local station, ADA accessible "
125 St,W 125 St and Lenox Ave,Two side platforms,"2, SBS M60 to Airport","Subway, local station "
116 St,W 116 St and Lenox Ave,Two side platforms,2,"Subway, local station "
Central Park North (110 St),"W 111 St and Lenox Ave, St Nicholas Ave and Central Park North",One island platform ,2,"Subway, local station "
96 St,"Broadway between W 96 St and W 95 St, Broadway and W 94 St",Two island platforms ,"1,2 ","Subway, local and express station, ADA accessible "
72 St,W 72 St between Broadway and Amsterdam Ave ,Two island platforms ,"1,2 ","Subway, local and express station, ADA accessible "
Times Square- 42 St,"W 42 St and 7th Ave, W 41 St between 7th Ave and Broadway, W 40 St and 7th Ave",Two island platforms ,"A,C all times except late nights, E,N,Q,R all times except late nights, W weekdays, S all times except late nights,1,3,7","Subway, local and express station, ADA accessible (except A,C,ES lines)"
34 St- Penn Station,"W 34 St and 7th Ave, W 33 St and 7th Ave, W 32 St and 7th Ave","One island platform, two side platforms ","1,2 ","Subway, local and express station, ADA accessible "
14 St,"W 14 St and 7th Ave, W 13 St and 7th Ave, W 12 St and 7th Ave",Two island platforms ,"F,L,M all times except late nights, 1,2 ","Subway, local and express station"
Chambers St,"Chambers St and W Broadway, Chambers St and Hudson St",Two island platforms ,"1,2 ","Subway, local and express station, ADA accessible "
Park Place,"Park Place and Broadway, Park Place and Church St",One island platform ,"A,C all times except late nights,E,R,W weekdays only,2 ","Subway, local station "
Fulton St,"Fulton St and William St, John St and William St",One island platform ,"A,C all times except late nights,J,Z rush hour only, 2, 4, 5 all times except late nights","Subway, local station, ADA accessible "
Wall St,"Wall St and William St, Pine St and William St, Cedar St and William St",One island platform ,2,"Subway, local station "
Clark St,Clark St and Henry St ,One island platform  ,2,"Subway, local station "
Borough Hall ,"Court St and Montague St, Montague St and Cadman Plaza West",Two side platforms,"2,4,5 weekdays only, R","Subway, local and express station, ADA accessible (except for R, Brooklyn bound 4,5)"
Hoyt St,"Fulton St and Hoyt St, Fulton St and Bridge St, Fulton St and Duffield St, Fulton St and Elm St",Two side platforms,2,"Subway, local station "
Nevins St,Flatbush Ave between Nevins St and Livingston St ,Two island platforms ,"2,4,5 weekdays only","Subway, local and express station "
Atlantic Ave-Barclays Ctr,"Hanson Place and Flatbush Ave, Pacific St and 4th Ave, Atlantic Ave and Flatbush Ave ","Two side platforms, one island platform","B weekdays untul 11 pm, D,N,Q,R,W limited rush hour service, 2,4,5 weekdays only","Subway, local and express station, ADA accessible "
Bergen St,Bergen St and Flatbush Ave ,Two side platforms ,2,"Subway, local station "
Grand Army Plaza,"Plaza St West and Flatbush Ave, Plaza St East and Flatbush Ave",One island platform  ,2,"Subway, local station "
Eastern Parkway-Brooklyn Museum ,"Eastern Parkway, west of Washington Ave",Two side platforms,2,"Subway, local station, ADA accessible "
Franklin Av-Medgar Evers College,Franklin Ave and Eastern Parkway ,Two island platforms ,"2,4,5 weekdays only","Subway, local and express station "
Nostrand Av,Nostrand Ave and Eastern Parkway,Two side platforms,No Transfers,"Subway, local station "
Kingston Av,Kingston Ave and Eastern Parkway,Two side platforms,No Transfers,"Subway, local station "
Crown Heights-Utica Av,"Utica Ave and Eastern Parkway, Schenectady Ave and Eastern Parkway",Two island platforms ,4,"Subway, local and express station, ADA accessible "
Sutter Ave-Rutland Road,"E 98 St and Rutland Rd, E 98 St and Sutter Ave",Two side platforms,No Transfers,"Elevated, local station "
Saratoga Av,Sratoga Ave and Livonia Ave,Two side platforms,No Transfers,"Elevated, local station "
Rockaway Av,Rockaway Ave and Livonia Ave,Two side platforms,No Transfers,"Elevated, local station "
Junius St,Livonia Ave between Powell St and Sackman St,Two side platforms,No Transfers,"Elevated, local station "
Pennsylvania Av,Pennsylvania Ave and Livonia Ave,Two side platforms,No Transfers,"Elevated, local station "
Van Siclen Av,Van Siclen Ave and Livonia Ave,Two side platforms,No Transfers,"Elevated, local station "
New Lots Av,Ashford St and Livonia Ave,One island platform  ,Bus or Airtrain to Airport,"Elevated, local station "
