Subway Station,Entrance and Exit Location(s),Platform Type ,Transfers,Other Station Features
Norwood- 205 St,"East 206 St and Bainbridge Ave, East 205 St and Perry Ave ",One island platform ,No Transfers ,"Subway, local and express station"
Bedford Pk Blvd,Bedford Park Boulevard and Grand Concourse ,Two island platforms,B during rush hours ,"Subway, local and express station, ADA accessible (terminal) "
Kingsbridge Rd,Kingsbridge Road and Grand Concourse,Two island platforms,B during rush hours ,"Subway, local and express station, ADA accessible "
Fordham Rd,"East 188 St and Grand Concourse, Fordham Road and Grand Concourse",Two island platforms,B during rush hours ,"Subway, local and express station"
182- 183 Sts,"182 St and Grand Concourse, Grand Concourse and Anthony Avenue",Two side platforms ,B during rush hours ,"Subway, local station "
Tremont Av,Grand Concourse and Echo Place,Two island platforms,B during rush hours ,"Subway, local and express station"
174- 175 Sts,"Walton Ave and Morris Ave, 174 and 175 St, 175 St and Grand Concourse",Two side platforms ,B during rush hours ,"Subway, local station "
170 St,East 171 St and Grand Concourse ,Two side platforms ,B during rush hours ,"Subway, local station "
167 St ,"167 St and Grand Concourse, McClellan St and Grand Concourse ",Two side platforms ,B during rush hours ,"Subway, local station "
155 St ,155 St and Harlem River Dr,Two side platforms ,B during rush hours ,"Subway, local station "
145 St,"W 145 St and St Nicholas Ave, W 146 St and St Nicholas Ave, W 147 St and St Nicholas Ave",Four island platforms,"A, C except late nights, B ","Subway, local and express station"
125 St ,"W 125 St and St Nicholas Ave, W 126 St and St Nicholas Ave, W 127 St and St Nicholas Ave",Two island platforms,"A, C except late nights, B, M60 SBS to LGA Airport ","Subway, local station "
59 St Columbus Circle ,"W 58 St and 8th Ave, W 59 St and Columbus Circle, W 60 St between Broadway and Central Park West",Two island platforms,"A, C except late nights, B, 1","Subway, local and express station, ADA accessible "
7 Av ,"7th Ave and E 53 St, Broadway and E 53 St",Two island platforms,"B, E","Subway, local station "
47- 50 Sts Rockefeller Ctr ,"6th Ave and W 50 St, 6th Ave and W 49 St, 6th Ave and W 48 St, 6th Ave and W 47 St",Two island platforms,"B, F, M weekdays only ","Subway, local and express station, ADA accessible "
42 St Bryant Park ,"6th Ave and W 42 St, 6th Ave and W 40 St, W 42 St between 5th Ave and 6th Ave",Two island platforms,"B, F, M weekdays only, 7 ","Subway, local and express station"
34 St Herald Sq ,"W 35 St between Broadway and 6th Ave, W 34 St between Broadway and 6th Ave, W 32 St between Broadway and 6th Ave",Two island platforms,"B, F, M weekdays only, N, Q, R except late nights, W weekdays only ","Subway, local and express station, ADA accessible "
W 4 St Wash Sq ,"W 3 St and 6th Ave, Waverly Pl and 6th Ave",Four island platforms,"B, F, M weekdays only, A, C except late nights, E ","Subway, local and express station, ADA accessible "
B'way- Lafayette St ,"Broadway and Houston St, Houston St and Lafayette St, Bleeker St and Lafayette St",Two island platforms,"B, F, M weekdays only, 6","Subway, local and express station, ADA accessible "
Grand St ,Grand St and Chrystie St,Two side platforms ,B    ,"Subway, local and express station"
Atlantic Av- Barclays Ctr ,"Hanson Place and Flatbush Ave, Pacific St and 4th Ave, Atlantic Ave and Flatbush Ave",One island platform ,"B, N, Q, Rexcept late nights, 2, 3 except late nights, 4, 5 weekdays","Subway, local and express station, ADA accessible "
36 St ,4th Ave and 36th St ,Two side platforms,"N, R","Subway, local and express station "
9 Av ,9th Ave and New Utrecht Ave,Two island platforms,No Transfers ,"Open cut, local station"
Fort Hamilton Pkwy ,"New Utrecht Ave and 45th St, 44 St and 43 St ",Two side platforms,No Transfers ,"Elevated, local station"
50 St,New Utrecht Ave and 50th St,Two side platforms,No Transfers ,"Elevated, local station"
55 St,New Utrecht Ave and 55th St,Two side platforms,No Transfers ,"Elevated, local station"
62 St ,New Utrecht Ave and 62nd St,Two island platforms,No Transfers ,"Elevated, local station, ADA accessible "
71 St,New Utrecht Ave and 71st St,Two side platforms,No Transfers ,"Elevated, local station"
79 St,New Utrecht Ave and 79th St,Two side platforms,No Transfers ,"Elevated, local station"
18 Av,18 Ave and 85th St ,Two side platforms,No Transfers ,"Elevated, local station"
20 Av ,20 Ave and 86th St ,Two side platforms,No Transfers ,"Elevated, local station"
Bay Pkwy ,Bay Parkway and 86th St ,Two side platforms,No Transfers ,"Elevated, local station, ADA accessible "
25 Av,86th St and 25th Ave ,Two side platforms,No Transfers ,"Elevated, local station"
Bay 50 St,Harway Ave and Bay 50th St ,Two side platforms,No Transfers ,"Elevated, local station"
Coney Island Stillwell Av ,"Mermaid Ave east of Stillwell Ave, Stillwell Ave and Surf Ave",Four island platforms ,"F, N, Q","Elevated, terminal station, ADA accessible"
