Subway Station,Entrance and Exit Location(s),Platform TypeÊ,Transfers,Other Station Features
Court Sq,"23rd St and 45th Ave, Jackson Ave and Pearson St, 21st St and 44th Dr",One island platform ,"E, M weekdays until 11 pm, 7 rush hours until 9:30 pm peak direction","Subway, local station (terminal) "
21 St,21st St and Jackson Ave ,One island platform ,No Transfers,"Subway, local station    "
Greenpoint Av,"Manhattan Ave and India St, Manhattan Ave and Greenpoint Ave ",Two side platforms ,No Transfers,"Subway, local station, ADA accessible "
Nassau Av,"Manhattan Ave and Nassau Ave, Manhattan Ave and Norman Ave ",Two side platforms ,No Transfers,"Subway, local station "
Metropolitan Av,"Union Ave and Keap St, Metropolitan Ave and Union Ave ",Two side platforms ,L all times ,"Subway, local station "
Broadway ,Broadway and Heyward St ,Two side platforms ,No Transfers,"Subway, local station "
Flushing Av ,"Flushing Ave and Marcy Ave, Union Ave and Gerry St, Walton St and Marcy Ave ",Two side platforms ,No Transfers,"Subway, local station "
Myrtle Willoughby Avs ,"Marcy Ave and Myrtle Ave, Marcy Ave and Willoughby Ave ",Two side platforms ,No Transfers,"Subway, local station "
Bedford Nostrand Avs ,"Nostrand Ave and Lafayette Ave, Bedford Ave and Lafayette Ave ",Two side platforms ,No Transfers,"Subway, local station "
Classon Av ,Classon Ave and Lafayette Ave ,Two side platforms ,No Transfers,"Subway, local station "
Clinton Washington Avs ,"Clinton Ave and Lafayette Ave, Washington Ave and Lafayette Ave ",Two side platforms ,No Transfers,"Subway, local station "
Fulton St,"South Portland Ave and Lafayette Ave, Lafayette Ave and Fulton St, Fort Greene Pl and Fulton St ",Two side platforms ,No Transfers,"Subway, local station "
Hoyt Schermerhorn ,"Hoyt St and Schermerhorn St, Livingston St and Bond St ",Two side platforms ,"A all times, C all times except late nights","Subway, local and express station "
Bergen St ,"Bergen St and Smith St, Warren St and Smith St, Wyckoff St and Smith St ",Two side platforms ,F all times,"Subway, local station "
Carrol St,"President St and Smith St, Second St and Smith St ",Two side platforms ,F all times,"Subway, local station "
Smith 9 Sts,Smith St and 9th St,Two side platforms ,F all times,"Viaduct, local station "
4 Av-9 Sts ,"4th Ave and 10th St, 4th Ave and 9th St, 4th Ave between 9th St and 10th St",Two side platforms ,"F all times, R all times ","Viaduct, local station "
7 Av ,"7th Ave and 9th St, 8th Ave and 9th St",Two island platforms ,F all times,"Subway, local station "
15 St Prospect Park ,"Bartel Pritchard Sq between 15th and Prospect Park, Howard Pl and Windsor Pl, Prospect Park West and Southwest ",One island platform ,F all times,"Subway, local station "
Fort Hamilton Pkwy ,"Greenwood Ave and Prospect Ave, Prospect Ave and Reeve Pl ",Two side platforms ,F all times,"Subway, local station "
Church Av ,"Albemarle Rd and McDonald Ave, Church Ave and McDonald Ave ",Two island platforms ,F all times,"Subway, local station, ADA accessible (terminal)"
