Subway Station,Entrance and Exit Location(s),Platform Type ,Transfers,Other Station Features
96 St,"2nd Ave and E 96 St, 2nd Ave between 95th St and 96th St, 2nd Ave and E 94 St",One island platform ,No Transfers,"Subway, local station, ADA accessible (terminal)"
86 St,"2nd Ave and E 86 St, 2nd Ave and E 83rd St",One island platform ,No Transfers,"Subway, local station, ADA accessible "
72 St,"2nd Ave and E 72 St, 2nd Ave and E 70 St, 2nd Ave and E 69 St",One island platform ,No Transfers,"Subway, local station, ADA accessible "
Lexington Av/ 63 St,"Lexington Ave and E 63rd St, 3rd Ave and 63rd St ",Two island platforms,"F, N, R, W, 4, 5, 6","Subway, local station, ADA accessible "
57 St- 7 Av,"W 57 St and 7th Ave, W 55 St and 7th Ave",Two island platforms,"N, R, W","Subway, local and express station "
Times Sq- 42 St,"W 42 St and 7th Ave, W 42 St and Broadway, W 41 St and 7th Ave, W 40 St and Broadway",Two island platforms,"A, C all times except late nights, E, N, R all times except late nights, W weekdays only, S all times except late nights, 1, 2, 3, 7","Subway, local and express station, ADA accessible (except for A, C, E, S lines)"
34 St Herald Sq,"W 35 St between Broadway and 6th Ave, W 34 St between Broadway and 6th Ave, W 32 St between Broadway and 6th Ave",Two island platforms,"B weekdays until 11 pm, D, F, M weekdays until 11 pm, N, R all times except late nights, W weekdays only","Subway, local and express station, ADA accessible    "
14 St- Union Sq,"Union Square West and E 16 St, Broadway and E 14 St, Union Square East and E 15 St ",Two side platforms,"L, N, R all times except late nights, W weekdays o nly, Z rush hour only, 6","Subway, local and express station, ADA accessible (except for 4,5,6 lines)"
Canal St,"Broadway and Canal St, Lafayette St and Canal St, Centre St and Canal St",Two side platforms,"J, N, R all times except late nights, W weekdays only, Z rush hour only, 6","Subway, local and express station "
DeKalb Av,"DeKalb Ave and Flatbush Ave Extension, Fleet St and Flatbush Ave Extension ",Two island platforms,"B weekdays until 11 pm, R all times except late nights","Subway, local and express station, ADA accessible"
Atlantic Av- Barclays Ctr,"Hanson Place and Flatbush Ave, Pacific St and 4th Ave, Atlantic Ave and Flatbush Ave",Two island platforms,"B weekdays until 11 pm, D, N, R, 2, 3 all times except late nights, 4, 5, weekdays only","Subway, local and express station, ADA accessible"
7 Av,"Park Place and Flatbush Ave, Park Place and Carlton Ave",Two island platforms,B weekdays until 11 pm   ,"Subway, local and express station "
Prospect Park,"Lincoln Road between Flatbush Ave and Ocean Ave, Flatbush Ave south of Ocean Ave",Two island platforms,"B weekdays until 11 pm, S","Open cut, local and express station , ADA accessible "
 Parkside Av,Parkside Ave and Ocean Ave ,Two side platforms,No Transfers,"Open cut, local station "
Church Av,"Church Ave and E 18 St, St Paul's Place and Caton Ave",Two island platforms,B weekdays until 11 pm   ,"Open cut, local and express station"
Beverly Rd,Beverly Road between Marlborough Road and East 16 St,Two side platforms,No Transfers,"Open cut, local station "
Cortelyou Rd,Cortelyou Road between Marlborough Road and East 16 St,Two side platforms,No Transfers,"Open cut, local station "
Newkirk Plaza,Newkirk Plaza between Newkirk Ave and Foster Ave,Two island platforms,B weekdays until 11 pm   ,"Open cut, local and express station"
Avenue H,"Avenue H and E 16 St, Avenue H and E 15 St",Two side platforms,No Transfers,"Open cut, local station, ADA accessible (southbound only)"
Avenue J,Avenue J and between E 16 St and E 15 St,Two side platforms,No Transfers,"Open cut, local station "
Avenue M,Avenue M between E 16 St and E 15 St,Two side platforms,No Transfers,"Open cut, local station "
Kings Hwy,"Kings Highway between E 16 St and E 15 St, E 16 St and Quentin Road",Two island platforms,B weekdays until 11 pm   ,"Open cut, local and express station, ADA accessible"
Avenue U,Avenue U between E 16 St and E 15 St,Two side platforms,No Transfers,"Open cut, local station "
Neck Rd,Gravesend Neck Road between E 16 St and E 15 St,Two side platforms,No Transfers,"Open cut, local station "
Sheepshead Bay,"Sheepshead Bay Road and East 15 St, Voorhies Ave between E 14 St and Shore Pkwy",Two island platforms,B weekdays until 11 pm   ,"Open cut, local and express station"
Brighton Beach ,"Brighton Beach Ave and Brighton 7 St, Brighton Beach Ave west of Brighton 6 St",Two island platforms,B weekdays until 11 pm   ,"Elevated, local and express station "
Ocean Pkwy,"Brighton Beach Ave east of Ocean Pkwy, Brighton Beach Ave west of Ocean Pkwy",Two island platforms,No Transfers,"Elevated, local station"
West 8 St NY Aquarium ,"W 8 St north of Surf Ave, W 5 St and W Brighton Ave",Four side platforms,F,"Elevated, local station"
Coney Island Stillwell Av,"Mermaid Ave east of Stillwell Ave, Stillwell Ave and Surf Ave",Four island platforms,"D, F, N","Elevated, local and express station, ADA accessible "
