Subway Station,Entrance and Exit Location(s),Platform Type ,Transfers,Other Station Features
Forest Hills 71 Av,"71st Ave. and Queens Blvd, 70 Road and Queens Blvd.",Two island platforms,"E, F, M weekdays until 11 pm","Elevated, local station (terminal)"
67 Av,"67th Ave. and Queens Blvd., 67 Drive and Queens Blvd. ",Two side platforms,M weekdays until 11 pm ,"Elevated, local station, ADA accessible"
63 Dr-Rego Park,"63 Drive and Queens Blvd, 64th Ave and Queens Blvd",Two side platforms,"M weekdays until 11 pm, Q72 to LGA Airport","Elevated, local station"
Woodhaven Blvd,"Woodhaven Blvd and Queens Blvd, 59th Ave and Queens Blvd, 92 St and Queens Blvd ",Two side platforms,M weekdays until 11 pm ,"Elevated, local station"
Grand Av,"54th Ave and Queens Blvd, Justice Ave and Broadway ",Two side platforms,M weekdays until 11 pm ,"Elevated, local station"
Elmhurst Av,"Elmhurst Ave and Broadway, 82 St and Broadway, Britton Ave and Broadway ",Two side platforms,M weekdays until 11 pm ,"Elevated, local and express station"
Jackson Hts Roosevelt Av,"74 St and Roosevelt Ave, 73 St and Broadway, 75 St and Broadway ",Two island platforms,"E, F, M weekdays until 11 pm, 7","Subway, local and express station, ADA accessible "
65 St,Broadway and 65 St,Two side platforms,M weekdays until 11 pm ,"Subway, local station "
Northern Blvd,"Northern Blvd and Broadway, 54 St and Northern Blvd ",Two side platforms,M weekdays until 11 pm ,"Subway, local station "
46 St,"48 St and Broadway, Newtown Road between Broadway and 48 St, 46 St and Broadway ",Two side platforms,M weekdays until 11 pm ,"Subway, local station "
Steinway St,"Steinway St and 34th Ave, Steinway St and Broadway ",Two side platforms,M weekdays until 11 pm ,"Subway, local station "
36 St,"Northern Blvd and 36 St, Northern Blvd and 35 St, Northern Blvd and 34 St",Two side platforms,M weekdays until 11 pm ,"Subway, local station "
Queens Plaza,"Queens Blvd and Jackson Ave, West St and Jackson Ave, 41 Ave and Northern Blvd and 41st Ave ",Two island platforms,"E, M weekdays until 11 pm ","Subway, local and express station, ADA accessible "
Lexington Av/ 59 St,"3rd Ave and E 60 St, Lexington Ave and E 60 St, Lexington Ave and E 59 St",One island platform,"N, W weekdays only, 4, 5 all times except late nights, 6","Subway, local station "
5 Av/59 St,"5th Ave and E 60 St, Central Park South and Grand Army Plaza",Two side platforms,"N, W weekdays only   ","Subway, local station "
57 St-7 Av,"W 57 St and 7th Ave, W 55 St and 7th Ave",Two island platforms,"Q, N, W weekdays only ","Subway, local and express station "
49 St,"W 49 St and 7th Ave, W 47 St and 7th Ave",Two side platforms,"N, W weekdays only   ","Subway, local station, ADA accessible (northbound only)"
Times Square- 42 St,"W 42 St and 7th Ave, W 42 St and Broadway, W 41 St and 7th Ave, W 40 St and Broadway",Two island platforms,"A, C all times except late nights, E, Q, R all times except late nights, W weekdays only, S all times except late nights, 1, 2, 3, 7","Subway, local and express station, ADA accessible (except for A, C, E, S lines)"
34 St Herald Square,"W 35 St between Broadway and 6th Ave, W 34 St between Broadway and 6th Ave, W 32 St between Broadway and 6th Ave",Two island platforms,"B weekdays until 11 pm, D, F, M until 11 pm, Q, W weekdays only ","Subway, local and express station, ADA accessible   "
28 St,W 28 St and Broadway ,Two side platforms,W weekdays only ,"Subway, local station "
23 St,"E 23 St and Broadway, 23 St and 5th Ave, E 22 St and Broadway ",Two side platforms,W weekdays only ,"Subway, local station "
14 St-Union Sq,"Union Square West and E 16 St, Broadway and E 14 St, Union Square East and E 15 St",Two island platforms,"L, Q, N, W weekdays only, 4, 5 all times except last night, 6","Subway, local and express station, ADA accessible (except for 4, 5, 6 lines)"
8 St-NYU,"E 8 St and Broadway, Broadway and Waverly Place ",Two side platforms,W weekdays only ,"Subway, local station "
Prince St,Prince St and Broadway ,Two side platforms,W weekdays only ,"Subway, local station "
Canal St,"Broadway and Canal St, Lafayette St and Canal St, Centre St and Canal St",Two side platforms,"J, Q, N, W weekdays only, Z rush hour only, 6","Subway, local and express station"
City Hall,"Broadway and Warren St, Broadway and Murray St",One island platform,W weekdays only ,"Subway, local station "
Cortlandt St,"Church St and Dey St, Church St and Cortlandt St, Broadway and Dey St",Two side platforms,"A, C all times except late nights, E, W weekdays only, 2, 3 all times except late nights ","Subway, local station, ADA accessible ( E, R, W only)"
Rector St,Rector St and Trinity Place,Two side platforms,W weekdays only ,"Subway, local station "
Whitehall St South Ferry,"Whitehall St and Stoner St, Whitehall St and Water St, Water St and State St",Two side platforms,"W weekdays only, 1","Subway, local station "
Court St,"Montague St and Clinton St, Court St and Montague St",One island platform,"2, 3 all times except late nights, 4, 5 weekdays only ","Subway, local station "
Jay St MetroTech,"Jay St and Willoughby St, Lawrence St and Willoughby St, Bridge St and Willoughby St",One island platform,"A, C all times except late nights, F","Subway, local and express station, ADA accessible "
DeKalb Av,Dekalb Ave and Flatbush Ave,Two island platforms,"B weekdays until 11 pm, Q","Subway, local and express station, ADA accessible "
Atlantic Av- Barclays Ctr,"Hanson Place and Flatbush Ave, Pacific St and 4th Ave, Atlantic Ave and Flatbush Ave",Two island platforms,"B weekdays until 11 pm, D, N, Q, 2, 3 all times except late nights, 4, 5 weekdays only ","Subway, local and express station, ADA accessible "
Union St,Union St and 4th Ave,Two side platforms,No Transfers,"Subway, local station"
4 Av- 9 St,"9 St and 4th Ave, 10 St and 4th Ave ",Two side platforms,No Transfers,"Subway, local station "
Prospect Av,Prospect Ave and 4th Ave,Two side platforms,"F, G","Subway, local station "
25 St,25th St and 4th Ave ,Two side platforms,No Transfers ,"Subway, local station "
36 St,36 St and 4th Ave,Two island platforms,"D, N","Subway, local station "
45 St,45 St and 4th Ave ,Two side platforms,No Transfers ,"Subway, local station "
53 St,"53 St and 4th Ave, 52 St and 4th Ave ",Two side platforms,No Transfers ,"Subway, local station "
59 St,"60 St and 4th Ave, 61 St and 4th Ave, 59 St and 4th Ave",Two island platforms,N,"Subway, local station, ADA accessible "
Bay Ridge Av,"68 St and 4th Ave, Bay Ridge Ave and 4th Ave ",Two side platforms,No Transfers ,No Transfers
77 St,"77 St and 4th Ave, 76 St and 4th Ave",Two side platforms,No Transfers ,"Subway, local station "
86 St,"86 St and 4th Ave, 85 St and 4th Ave ",One island platform,No Transfers ,"Subway, local station, ADA accessible "
Bay Ridge 95 St,"95 St and 5th Ave, 93 St and 4th Ave",One island platform,No Transfers ,"Subway, local station "
