﻿Subway Station,Entrance and Exit Location(s),Platform Type ,Transfers,Other Station Features
Astoria Ditmars Blvd,31 St between 23rd Ave and Ditmars Blvd,One island platform ,W weekdays only  ,"Elevated, local station (terminal)"
Astoria Blvd ,"Hoyt Ave South and 32 St, Hoyt Ave North and 31 St ",Two island platforms ,"W weekdays only, M60 SBS to LGA Airport ","Elevated, local station, ADA accessible "
30 Av ,30th Ave and 31 St ,Two side platforms ,W weekdays only  ,"Elevated, local station   "
Broadway ,Broadway and 31 St,Two side platforms ,W weekdays only  ,"Elevated, local station   "
36 Av,36 Ave and 31 St,Two side platforms ,W weekdays only  ,"Elevated, local station   "
39 Av,39th Ave and 31 St ,Two side platforms ,W weekdays only  ,"Elevated, local station   "
Queensboro Plaza,"Queens Plaza North between 27 St and Crescent st, Queens Plaza South between 27 St and Crescent St ",Two island platforms ,"W weekdays only , 7","Elevated, local and express station "
Lexington Av/ 59 St ,"3rd Ave and E 60 St, Lexington Ave and E 60 St, Lexington Ave and E 59 St",One island platform ,"R all times except late nights, W weekdays only, 4, 5 all times except late nights, 6 ","Subway, local station "
5 Av/ 59 St,"5th Ave and E 60 St, Central Park South and Grand Army Plaza ",Two side platforms ,"R all times except late nights, W weekdays only","Subway, local station "
57 St - 7 Av,"W 57 St and 7th Ave, W 55 St and 7th Ave",Two island platforms ,"Q, R all times except late nights, W weekdays only","Subway, local and express station "
49 St,"W 49 St and 7th Ave, W 47 St and 7th Ave",Two side platforms ,"R all times except late nights, W weekdays only","Subway, local station, ADA accessible (northbound only)"
Times Sq - 42 St,"W 42 St and 7th Ave, W 42 St and Broadway, W 41 St and 7th Ave, W 40 St and Broadway ",Two island platforms ,"A, C all times except late nights, E, Q, R all times except late nights, W weekdays only, S all times except late nights, 1, 2, 3, 7","Subway, local and express station, ADA accessible (except for A, C, E, S lines)"
34 St Herald Sq ,"W 35 St between Broadway and 6th Ave, W 34 St between Broadway and 6th Ave, W 32 St between Broadway and 6th Ave ",Two island platforms ,"B weekdays until 11 pm, D, F, M weekdays until 11 pm, Q, R all times except late nights, W weekdays only ","Subway, local and express station, ADA accessible   "
14 St - Union Sq ,"Union Square West and E 16 St, Broadway and E 14 St, Union Square East and E 15 St ",Two island platforms ,"L, Q, R all times except late nights, W weekdays only, 4, 5 all times except late nights, 6 ","Subway, local and express station, ADA accesible (except for 4, 5, 6 lines) "
Canal St,"Broadway and Canal St, Lafayette St and Canal St, Centre St and Canal St ",Two side platforms ,"J, Q, R all times except late nights, W weekdays only, Z rush hour only, 6 ","Subway, local and express station, ADA accessible (6 only) "
Atlantic Av- Barclays Ctr,"Hanson Place and Flatbush Ave, Pacific St and 4th Ave, Atlantic Ave and Flatbush Ave",Two island platforms ,"B weekdays until 11 pm, D, Q, R, 2, 3 all times except late nights, 4, 5 weekdays only ","Subway, local and express station, ADA accessible "
36 St ,36 St and 4th Ave,Two island platforms ,"D, R","Subway, local and express station  "
59 St,"59 St and 4th Ave, 60 St and 4th Ave ",Two island platforms ,R,"Subway, local and express station, ADA accessible  "
8 Av,"8th Ave and 62 St, 7th Ave and 62 St ",Two side platforms ,No Transfers,"Open cut, local station, ADA accessible (northbound only)"
Fort Hamilton Pkwy ,"Fort Hamilton Parkway and 62 St, 11th Ave and 62 St ",Two side platforms ,No Transfers,"Open cut, local station    "
New Utrecht Av ,"62 St and New Utrecht Ave, 15 Ave and 63 St, 14 Ave and New Utrecht Ave ",Two side platforms ,D   ,"Open cut, local station, ADA accessible    "
18 Av,"18th Ave between 63 St and 64 St, 17th Ave between 63 St and 64 St",Two side platforms ,No Transfers,"Open cut, local station    "
20 Av,20th Ave between 63 St and 64 St ,Two side platforms ,No Transfers,"Open cut, local station    "
Bay Pkwy ,"Bay Parkway and 66 St, Avenue O between W 7 St and W 8 St",Two side platforms ,No Transfers,"Open cut, local station    "
Kings Hwy,"Kings Hwy between W 7 St and W 8 St, Highlawn Ave between W 7 St and W 8 St",Two side platforms ,No Transfers,"Open cut, local station    "
Avenue U,"Avenue U between W 7 St and 8 St, Avenue T between W 7 St and W 8 St",Two side platforms ,No Transfers,"Open cut, local station    "
86 St ,"86 St between W 7 St and W 8 St, Highlawn Ave between W 7 St and W 8 St",Two side platforms ,No Transfers,"Open cut, local station    "
Coney Island Stillwell Av ,"Mermaid Ave and Stillwell Ave, Stillwell Ave and Surf Ave",Four island platforms ,"D, F, Q","Elevated, local and express station, ADA accessible "
