Subway Station,Entrance and Exit Location(s),Platform Type ,Transfers,Other Station Features
Times Sq 42 St,"W 41 St and 7th Ave, W 42 St and 7th Ave, W 41 St and Broadway ",Three side platforms ,"1, 2, 3, A, C all times except late nights, E, N, Q, R all times except late nights, W weekdays only, 7 all times","Subway, express station"
Grand Central- 42 St ,"Park Ave and E 42 St, Lexington Ave and E 42 St, E 42 St between Lexington Ave and 3 Ave ",Three side platforms ,"4, 5  all times except late nights, 6, 7 all times, bus or train to airport ","Subway, express station"
Franklin Av ,Fulton St and Franklin Ave,Two side platforms ,C all times ,"Elevated, local station"
Park Pl ,Park Pl and Prospect Pl,One side platform ,No Transfers ,"Open cut, local station, ADA accessible "
Botanic Garden ,Eastern Parkway between Franklin Ave and Classon Ave ,Two side platforms ,No Transfers ,"Open cut, local station"
Prospect Park ,"Lincoln Road between Flatbush Ave and Ocean Ave, Flatbush Ave south of Ocean Ave",Two island platforms,"B weekdays until 11 pm, Q weekdays until 11 pm ","Open cut, local and express station , ADA accessible "
Broad Channel ,"West Road and Noel Road, West Road and E 6 Road ",Two side platforms ,A all times ,"At grade, local station  "
Beach 90 St ,"Beach 90 St and Rockaway Freeway, Beach 89 St and Rokaway Freeway ",Two side platforms ,A all times ,"Elevated, local station "
Beach 98 St,Rockaway Freeway and Beach 98 St ,Two side platforms ,A all times ,"Elevated, local station "
Beach 105 St ,Rockaway Freeway between Beach 105 St and beach 106 St ,Two side platforms ,A all times ,"Elevated, local station "
Rockaway Park Beach 116 St ,Beach 116 St between Newport Ave and Rockaway Beach ,One island platform ,A all times ,"At grade, local station, ADA accessible "
