﻿Subway Station,Entrance and Exit Location(s),Platform Type ,Transfers,Other Station Features
Pelham Bay Park ,Westchester Ave and Bruckner Blvd,One island platform ,No Transfers,"Elevated, local station (terminal), ADA accessible "
Buhre Av,"Edison Ave and Westchester Ave, Buhre Ave and Edison Ave",Two side platforms ,No Transfers,"Elevated, local station    "
Middletown Rd ,Westchester Ave and Middletown Rd ,Two side platforms ,No Transfers,"Elevated, local station    "
Westchester Sq East Tremont Av ,Westchester Ave and Ferris Pl ,Two side platforms ,No Transfers,"Elevated, local station    "
Zerega Av ,Zerega Ave and Westchester Ave,Two side platforms ,No Transfers,"Elevated, local station    "
Castle Hill Av ,Castle Hill Ave and Westchester Ave,Two side platforms ,No Transfers,"Elevated, local station    "
Parkchester ,Center of Hugh Grant Circle at Westchester Ave and Metropolitan Ave,Two island platforms ,Limited weekday peak direction express ,"Elevated, local and express station    "
St Lawrence Av ,St Lawrence Ave and Westchester Ave,Two side platforms ,No Transfers,"Elevated, local station    "
Morrison Av Soundview ,Morrison Ave and Westchester Ave,Two side platforms ,No Transfers,"Elevated, local station    "
Elder Av ,Elder Ave and Westchester Ave,Two side platforms ,No Transfers,"Elevated, local station    "
Whitlock Av ,Whitlock Ave and Westchester Ave,Two side platforms ,No Transfers,"Elevated, local station    "
Hunts Point Av ,"Hunts Points Ave and Southern Blvd, E 163 St and Bruckner Blvd ",Two island platforms ,Limited weekday peak direction express ,"Subway, lcocal and express station, ADA accessible "
Longwood Av ,Longwood Ave and Southern Blvd,Two side platforms ,No Transfers,"Subway, local station  "
E 149 St ,E 149 St and Southern Blvd,Two side platforms ,No Transfers,"Subway, local station  "
E 143 St-Mary's St ,E 143 St and Southern Blvd,Two side platforms ,No Transfers,"Subway, local station  "
Cypress Av ,E 138 St between Cypress Ave and Jackson Ave,Two side platforms ,No Transfers,"Subway, local station  "
Brook Av ,E 138 St and Brook Ave,Two side platforms ,No Transfers,"Subway, local station  "
3 Av 138 St ,"E 138 St and 3rd Ave, E 138 St and Alexander Ave ",Two island platforms ,Limited weekday peak direction express ,"Subway, local and express station  "
125 St ,E 125 St and Lexington Ave,Two island platforms ,"4,5 all times except late nights, bus or train to Airport ","Subway, local and express station , ADA accessible "
116 St,E 116 St and Lexington Ave,Two side platforms ,No Transfers,"Subway, local station  "
110 St ,E 110 St and Lexington Ave,Two side platforms ,No Transfers,"Subway, local station  "
103 St ,E 103 St and Lexington Ave,Two side platforms ,No Transfers,"Subway, local station  "
96 St,E 96 St and Lexington Ave,Two side platforms ,No Transfers,"Subway, local station  "
86 St ,E 86 St and Lexington Ave,Four side platforms ,"4,5 all times except late nights   ","Subway, local and express station  "
77 St ,E 77 St and Lexington Ave,Two side platforms ,No Transfers,"Subway, local station  "
68 St Hunter College ,E 68 St and Lexington Ave,Two side platforms ,No Transfers,"Subway, local station  "
59 St ,"E 60 St and Lexington Ave, E 59 St and Lexington Ave, E 60 St and 3rd Ave",Four side platforms ,"N,R all times except late nights, W weekdays only, 4, 5 all times except late nights","Subway, local and express station  "
51 St ,"E 51 St and Lexington Ave, E 52 St and Lexington Ave, Citicorp Plaza at E 53 St and Lexington Ave",Two side platforms ,"E,M weekdays until 11 p.m.","Subway, local station , ADA accessible "
42 St Grand Central ,"Park Ave and E 42 St,  Lexington Ave and E 42 St, E 42 St between Park Ave and Lexington Ave",Two island platforms ,"S all times except late nights, 5 all times except late nights, 4,7,bus or train to Airport","Subway, local and express station , ADA accessible (except for S)"
33 St ,"E 32 St and Park Avenue S, E 33 St and Park Ave",Two side platforms ,No Transfers,"Subway, local station  "
28 St ,E 28 St and Park Ave South ,Two side platforms ,No Transfers,"Subway, local station , ADA accessible (southbound only)"
23 St ,"E 22 St and Park Ave South, E 23 St and Park Ave South",Two side platforms ,No Transfers,"Subway, local station , ADA accessible "
14 St-Union Sq,"E 15 St and Union Square East, E 14 St and 4th Ave, Union Square Park at E 14 St",Two island platforms ,"L,N,Q,R all times except late nights, W weekdays only, 4,5 all times except late nights","Subway, local and express station  "
Astor Pl ,"E 8 St and 4th Ave, Lafayette St and Astor Pl ",Two side platforms ,No Transfers,"Subway, local station  "
Bleeker St ,"Houston St and Lafayette St, Bleeker St and Lafayette St, Bleeker St and Mulberry St",Two side platforms ,"B weekdays until 11 p.m., D,F,M all times except late nights","Subway, local station , ADA accessible "
Spring St ,"Spring St and Cleveland Place, Spring St and Lafayette St",Two side platforms ,No Transfers,"Subway, local station  "
Canal St ,Canal St and Lafayette St,Two side platforms ,"J,N,Q,R all times except late nights, W weekdays only ","Subway, local station , ADA accessible (6 only)"
Brooklyn Bridge City Hall ,"Centre St between Chambers St and Brooklyn Bridge Promenade, Reade St and Centre St, Frankfort St at Pace Plaza",Two island platforms ,"J,Z rush hours only,4,5 all times except late nights ","Subway, local and express station  (terminal)"
