﻿Subway Station,Entrance and Exit Location(s),Platform Type ,Transfers,Other Station Features
Inwood 207 St,"Broadway and W 207 St, Broadway and W 211 St, Broadway and Isham St",One island platform ,No Transfers ,"Subway, Local station, ADA accessible (terminal)"
Dyckman St,"Broadway and Dyckman St, Broadway and Riverside Drive on northern end of Fort Tyron Park ",Two side platforms ,No Transfers ,"Subway, local station "
190 St,"Bennet Ave and W 192 St, Fort Washington Ave and Cabrini Blvd",Two side platforms ,No Transfers ,"Subway, local station "
181 St,W 181 St and Fort Washington Ave ,Two side platforms ,No Transfers ,"Subway, local station "
175 St,"W 175 St and Fort Washington Ave, W 177 St and Fort Washington Ave ",One island platform ,No Transfers ,"Subway, local station, ADA accessible   "
168 St,"W 168 St and St Nichoclas Ave, W 169 St and Broadway ",Two island platforms ,"C all times except late nights, 1","Subway, local and express station, ADA accessible (A, C lines)"
145 St,"W 145 St and St Nicholas Ave, W 146 St and St Nicholas Ave, W 147 St and St Nicholas Ave ",Two island platforms ,"B weekdays until 11 p.m., C all times except late nights, D","Subway, local and express station    "
125 St,"W 125 St and St Nicholas Ave, W 126 St and St Nicholas Ave, W 127 St and St Nicholas Ave ",Two island platforms ,"B weekdays until 11 p.m., C all times except late nights, D","Subway, local and express station, ADA accessible     "
59 St Columbus Circle,"W 58 St and 8th Ave, W 59 St and Columbus Circle, W 60 St between Broadway and Central Park West ",Two island platforms ,"B weekdays until 11 p.m., C all times except late nights, D, 1","Subway, local and express station, ADA accessible     "
42 St Port Authority Bus Terminal,"W 40 St and 8th Ave, W 42 St and 8th Ave, W 43 St and 8th Ave, W 44 St and 8th Ave ",Two island platforms ,"C all times except late nights, E, N, Q, R all times except late nights, W weekdays only, S all times except late nights, 1, 2, 3, 7","Subway, local and express station, ADA accessible (A, C, E lines) "
34 St Penn Station ,"W 33 St and 8th Ave, W 34 St and 8th Ave, W 35 St and 8th Ave ","One island platfor, two side platforms ","C all times except late nights, E, LIRR","Subway, local and express station, ADA accessible     "
14 St,"W 14 St and 8th Ave, W 15 St and 8th Ave, W 16 St and 8th Ave",Two island platforms ,"C all times except late nights, E, L","Subway, local and express station, ADA accessible     "
W 4 St Wash Sq,"W 3 St and 6th Ave, Waverly Pl and 6th Ave",Two island platforms ,"B weekdays until 11 p.m., C all times except late nights, D, E, F, M weekdays until 11 p.m.","Subway, local and express station, ADA accessible     "
Canal St,"Canal St and 6th Ave, West Broadway and 6th Ave, Walker St and 6th Ave ",Two island platforms ,"C all times except late nights, E","Subway, local and express station    "
Chambers St,"Church St and Chambers St, Church St and Warren St, Church and Murray St, Church and Park Pl ",One island platform ,"C all times except late nights, E, 2, 3, all times except late nights, R all times except late nights, W weekdays only ","Subway, local and express station    "
Fulton St,"Fulton St and Broadway, Fulton St and John St, Fulton St and Nassau St, Fulton St and William St ",One island platform ,"C all times except late nights, J, Z rush hour only, 2m 3 all times except late nights, 4, 5","Subway, local and express station, ADA accessible     "
High St,"Cadman Plaza West and Middagh St, Red Cross Pl and Adams St",One island platform ,C all times except late nights ,"Subway, local and express station "
Jay St- MetroTech,"Willoughby St and Jay St, Fulton St and Jay St, Jay St south of Myrtle Ave ",Two island platforms ,"C all times except late nights, F, R all times except late nights ","Subway, local and express station, ADA accessible "
Hoyt Schermerhorn ,"Bond St and Schermerhorn St, Hoyt St and Schermerhorn St, Schermerhorn St between Bond St and Hoyt St ",Two island platforms ,"C all times except late nights, G ","Subway, local and express station "
Nostrand Av,Nostrand Ave and Fulton St ,Four side platforms ,C all times except late nights ,"Subway, local and express station "
Utica Av,"Fulton St and Utica Ave, Fulton St and Stuyvesant Ave ",Two island platforms ,C all times except late nights ,"Subway, local and express station, ADA accessible     "
Broadway Junction,Van Sinderen Ave between Fulton St and Truxton St ,Two island platforms ,"C all times except late nights, J, L, Z rush hour only ","Subway, local and express station "
 Euclid Av,Pitkin Ave and Euclid Ave ,Two island platforms ,C all times except late nights ,"Subway, local and express station, ADA accessible     "
Grant Av ,Pitkin Ave and Grant Ave ,One island platform ,No Transfers ,"Subway, local station "
80 St,"80 St and Liberty Ave, 77 St and Liberty Ave",Two side platforms ,No Transfers ,"Elevated, local station "
88 St,"88 St and Liberty Ave, 86 St and Liberty Ave ",Two side platforms ,No Transfers ,"Elevated, local station "
Rockaway Blvd,"Liberty Ave and Rockaway Blvd, 94 St and Liberty Ave, 97 St and Liberty Ave ",Two side platforms ,No Transfers ,"Elevated, local station "
104 St,"104 St and Liberty Ave, 102 St and Liberty Ave ",Two side platforms ,No Transfers ,"Elevated, local station "
111 St ,"111 St and Liberty Ave, 109 St and Liberty Ave ",Two side platforms ,No Transfers ,"Elevated, local station "
Ozone Park-Lefferts Boulevard ,"Lefferts Blvd and Liberty Ave, 116 St and Liberty Ave ",One island platform ,No Transfers ,"Elevated, local station, ADA accessible "
Aqueduct Racetrack ,"Aqueduct Road south of Pitkin Ave, Resorts World Casino passageway ",One side platform ,No Transfers ,"At grade, local station, ADA accessible "
Aqueduct North Conduit Av,"North Conduit Ave and Aqueduct Road, 99 Pl and Hawtree Ave ",Two side platforms ,No Transfers ,"At grade, local station  "
Howard Beach JFK Airport,"103 St and 159 Ave, Coleman Sq and 159 Ave ",Two side platforms ,Airtrain to JFK ,"At grade, local station, ADA accessible "
Broad Channel ,"West Road and Noel Road, West Road and E 6 Road ",Two side platforms ,S,"At grade, local station  "
Beach 67 St,"Beach 67 St and Rockaway Freeway, Beach 69 St and Rockaway Freeway ",Two side platforms ,No Transfers ,"Elevated, local station "
Beach 60 St,Rockaway Freeway and Beach 59 St ,Two side platforms ,No Transfers ,"Elevated, local station "
Beach 44 St,"Rockaway Freeway and Beach 44 St, Edgemere Ave and Beach 45 St ",Two side platforms ,No Transfers ,"Elevated, local station "
Beach 36 St,"Rockaway Freeway between Beach 35 St between Beach 35 St and Beach 36 St, Edgemere Ave between 35 St and Beach 36 St ",Two side platforms ,No Transfers ,"Elevated, local station "
Beach 25 St ,Rockaway Freeway Beach 25 St ,Two side platforms ,No Transfers ,"Elevated, local station "
Far Rockaway Mott Av,Mott Ave and Beach 22 St ,One island platform ,No Transfers ,"Elevated, local station, ADA accessible "
Broad Channel ,"West Road and Noel Road, West Road and E 6 Road ",Two side platforms ,S,"At grade, local station  "
Beach 90 St,"Beach 90 St and Rockaway Freeway, Beach 89 St and Rokaway Freeway ",Two side platforms ,S,"Elevated, local station "
Beach 98 St,Rockaway Freeway and Beach 98 St ,Two side platforms ,S,"Elevated, local station "
Beach 105 St,Rockaway Freeway between Beach 105 St and beach 106 St ,Two side platforms ,S,"Elevated, local station "
Rockaway Park Beach 116 St,Beach 116 St between Newport Ave and Rockaway Beach ,One island platform ,S,"At grade, local station, ADA accessible "
