Subway Station,Entrance and Exit Location(s),Platform Type ,Transfers,Other Station Features
8 Av,"W 14 St and 8th Ave, W 15 St and 8th Ave, W 16 St and 8th Ave",One island platform ,"A all times, E all times, C all times except late nights","Subway, express station, ADA accessible (terminal)"
6 Av,14 St and 6th Ave,One island platform ,"1 all times, 2 all times, 3 all times except late nights, F all times, M weekdays during rush hour","Subway, local station "
14 St- Union Sq,"E 15 St and Union Square East, E 14 St and 4th Ave, Union Square Park at E 14 St",One island platform ,"N,Q,R all times except late nights, W weekdays only, 4,5 all times except late nights, 6","Subway, express station, ADA accessible (L,N,Q,R,W only)"
3 Av,"3rd Ave and E 14 St, E 14 St and 3rd Ave",Two side platforms,No Transfers,"Subway, local station "
1 Av ,"1st Ave and 14th St, Avenue A and 14th St ",Two side platforms,No Transfers,"Subway, local station, ADA accessible "
Bedford Av,"Bedford Ave and N 7th St, Driggs Ave and N 7th St",One island platform ,No Transfers,"Subway, local station, ADA accessible "
Lorimer St,"Lorimer St and Broadway, Broadway beween Wallabout St and Broadway, Throop Ave and Lorimer St ",Two side platforms,G all times,"Subway, local station "
Graham Av,Graham Ave and Metropolitan Ave,Two side platforms,No Transfers,"Subway, local station "
Grand St,Bushwick Ave and Grand St ,Two side platforms,No Transfers,"Subway, local station "
Montrose Av,Montrose Ave and Bushwick Ave,Two side platforms,No Transfers,"Subway, local station "
Morgan Av,"Morgan Ave and Harrison Place, Bogart St and Harrison Place ",Two side platforms,No Transfers,"Subway, local station "
Jefferson St,"Starr Ave and Wyckoff Ave, Jefferson St and Wyckoff Ave",Two side platforms,No Transfers,"Subway, local station "
DeKalb Av,DeKalb Ave and Wyckoff Ave,Two side platforms,No Transfers,"Subway, local station "
Myrtle Wyckoff Avs,"Wyckoff Ave and Palmetto St, Myrtle Ave and Wyckoff Ave",Two side platforms,M all times,"Subway, local station, ADA accessible "
Halsey St,"Wyckoff Ave and George St, Halsey St and Wyckoff Ave, Norman St and Wyckoff Ave, Covert St and Wyckoff Ave",Two side platforms,No Transfers,"Subway, local station "
Wilson Av,Wilson Ave and Moffat St,One side platform ,No Transfers,"Subway, local station, ADA accessible northbound only"
Bushwick Av Aberdeen St,Aberdeen St and DeSales Place,Two side platforms,No Transfers,"Subway, local station "
Broadway Junction ,Van Sinderen Ave between Fulton St and Truxton St ,Two side platforms,"A all times, C all times except late nights, J all times, Z during rush hour","Subway, express station "
Atlantic Av,Atlantic Ave and E New York Ave,One island platform ,No Transfers,"Subway, local station "
Sutter Av,"Sutter Ave and Van Sinderen Ave, Belmont Ave and Van Sinderen Ave, Belmont Ave and Junius St",Two side platforms,No Transfers,"Subway, local station "
Livonia Av,Van Sinderen Ave and Livonia Ave,Two side platforms,No Transfers,"Subway, local station "
New Lots Av,Van Sinderen Ave and New Lots Ave,Two side platforms,B15 to JFK Airport,"Subway, local station "
East 105 St,E 105 St station house,One island platform ,No Transfers,"Subway, local station "
Canarsie Rockaway Pkwy ,"Rockaway Parkway, E 98 St and Glenwood Road",One island platform ,No Transfers,"Subway, local station, ADA accessible "
