Subway Station,Entrance and Exit Location(s),Platform Type ,Transfers,Other Station Features
Astoria Ditmars Blvd,31 St between 23rd Ave and Ditmars Blvd,One island platform,N,"Elevated, local station (terminal)"
Astoria Blvd,"Hoyt Ave South and 31 St, Hoyt Ave North and 31 St",Two island platforms,"N, M60 SBS to LGA Airport","Elevated, local station, ADA accessible"
30 Av,30 Ave and 31 St,Two side platforms,N,"Elevated, local station"
Broadway ,Broadway and 31 St,Two side platforms,N,"Elevated, local station"
36 Av,36th Ave and 31 St,Two side platforms,N,"Elevated, local station"
39 Av,39th Ave and 31 St,Two side platforms,N,"Elevated, local station"
Queensboro Plaza,"Queens Plaza North between 27 St and Crescent St, Queens Plaza South between 27 St and Crescent St",Two island platforms,"N, 7","Elevated, local and express station"
Lexington Av/ 59 St,"3rd Ave and E 60 St, Lexington Ave and E 60 St, Lexington Ave and E 59 St",One island platform,"R all times except late nights, N, 4, 5 all times except late nights, 6","Subway, local station "
5 Av/ 59 St,"5th Ave and E 60 St, Central Park South and Grand Army Plaza",Two side platforms,"R all times except late nights, N   ","Subway, local station "
57- 7 Av,"W 57 St and 7th Ave, W 55 St and 7th Ave",Two island platforms,"Q, R all times except late nights, N","Subway, local and express station "
49 St,"W 49 St and 7th Ave, W 47 St and 7th Ave",Two side platforms,"R all times except late nights, N   ","Subway, local station, ADA accessible (northbound only)"
Times Sq- 42 St,"W 42 St and 7th Ave, W 42 St and Broadway, W 41 St and 7th Ave, W 40 St and Broadway",Two island platforms,"A, C all times except late nights, E, Q, R all times except late nights, 1, 2, 3, 7","Subway, local and express station, ADA accessible (except for A, C, E, S lines)"
34 St- Herald Sq,"W 35 St between Broadway and 6th Ave, W 34 St between Broadway and 6th Ave, W 32 St between Broadway and 6th Ave",Two island platforms,"B weekdays until 11 pm, D, F, M weekdays until 11 pm, Q, R all times except late nights, N","Subway, local and express station, ADA accessible   "
28 St,W 28 St and Broadway ,Two side platforms,R all times except late nights   ,"Subway, local station "
23 St,"E 23 St and Broadway, 23 St and 5th Ave, E 22 St and Broadway ",Two side platforms,R all times except late nights   ,"Subway, local station "
14 St- Union Sq,"Union Square West and E 16 St, Broadway and E 14 St, Union Square East and E 15 St",Two island platforms,"L, N, Q, R all times except late nights, 4, 5 all times except late nights, 6","Subway, local and express station, ADA accessible (except for 4, 5, 6 lines)"
8 St- NYU,"E 8 St and Broadway, Broadway and Waverly Place ",Two side platforms,R all times except late nights   ,"Subway, local station "
Prince St,Prince St and Broadway ,Two side platforms,R all times except late nights   ,"Subway, local station "
Canal St,"Broadway and Canal St, Lafayette St and Canal St, Centre St and Canal St",Two side platforms,"J, Q, N, R all times except late nights, Z rush hour only, 6","Subway, local and express station"
City Hall ,"Broadway and Warren St, Broadway and Murray St",One island platform,R all times except late nights   ,"Subway, local station "
Cortlandt St,"Church St and Dey St, Church St and Cortlandt St, Broadway and Dey St",Two side platforms ,"A, C, all times except late nights, E, R all times except late nights, 2, 3 all times except late nights",
Rector St,Rector St and Trinity Place,Two side platforms,R all times except late nights   ,"Subway, local station "
Whitehall St South Ferry,"Whitehall St and Stoner St, Whitehall St and Water St, Water St and State St",Two side platforms,"R all times except late nights, 1","Subway, local station "
